# The three broadleaf trees of laubbaum.blend (bench/tree01.py): metres, y up, each standing at 0, 0, 0
o tree_a
v -0.0009 0.0000 -0.2455
v -0.1745 0.0000 -0.1736
v -0.2464 0.0000 0.0000
v -0.1745 0.0000 0.1736
v -0.0009 0.0000 0.2455
v 0.1727 0.0000 0.1736
v 0.2446 0.0000 -0.0000
v 0.1727 0.0000 -0.1736
v 0.0009 0.1768 -0.1903
v -0.1337 0.1768 -0.1346
v -0.1894 0.1768 0.0000
v -0.1337 0.1768 0.1346
v 0.0009 0.1768 0.1903
v 0.1354 0.1768 0.1346
v 0.1912 0.1768 0.0000
v 0.1354 0.1768 -0.1346
v -0.0017 0.4416 -0.1679
v -0.1204 0.4416 -0.1187
v -0.1695 0.4416 0.0000
v -0.1204 0.4416 0.1187
v -0.0017 0.4416 0.1679
v 0.1170 0.4416 0.1187
v 0.1662 0.4416 0.0000
v 0.1170 0.4416 -0.1187
v -0.0042 0.8082 -0.1482
v -0.1090 0.8082 -0.1048
v -0.1524 0.8082 0.0000
v -0.1090 0.8082 0.1048
v -0.0042 0.8082 0.1482
v 0.1006 0.8082 0.1048
v 0.1440 0.8082 0.0000
v 0.1006 0.8082 -0.1048
v 0.0049 1.5836 -0.1229
v -0.0820 1.5836 -0.0869
v -0.1180 1.5836 0.0000
v -0.0820 1.5836 0.0869
v 0.0049 1.5836 0.1229
v 0.0918 1.5836 0.0869
v 0.1278 1.5836 0.0000
v 0.0918 1.5836 -0.0869
v 0.0232 2.4503 -0.1160
v -0.0589 2.4503 -0.0820
v -0.0928 2.4503 0.0000
v -0.0589 2.4503 0.0820
v 0.0232 2.4503 0.1160
v 0.1052 2.4503 0.0820
v 0.1391 2.4503 0.0000
v 0.1052 2.4503 -0.0820
v 0.0232 3.4811 -0.1116
v -0.0480 3.4811 -0.0821
v -0.0775 3.4811 -0.0109
v -0.0480 3.4811 0.0602
v 0.0232 3.4811 0.0897
v 0.0943 3.4811 0.0602
v 0.1238 3.4811 -0.0109
v 0.0943 3.4811 -0.0821
v -0.0407 4.6290 -0.1347
v -0.1007 4.6300 -0.1099
v -0.1256 4.6324 -0.0499
v -0.1007 4.6348 0.0101
v -0.0407 4.6358 0.0349
v 0.0193 4.6348 0.0101
v 0.0442 4.6324 -0.0499
v 0.0193 4.6300 -0.1099
v -0.2009 5.4739 -0.2623
v -0.2521 5.4649 -0.2563
v -0.2856 5.4673 -0.2162
v -0.2818 5.4797 -0.1655
v -0.2430 5.4949 -0.1339
v -0.1918 5.5039 -0.1399
v -0.1582 5.5015 -0.1800
v -0.1620 5.4891 -0.2307
v -0.3395 6.3175 -0.6254
v -0.3688 6.3094 -0.6382
v -0.4001 6.3123 -0.6283
v -0.4151 6.3244 -0.6015
v -0.4049 6.3386 -0.5736
v -0.3756 6.3466 -0.5608
v -0.3443 6.3438 -0.5707
v -0.3294 6.3317 -0.5975
v -0.5010 7.1277 -1.2321
v -0.5024 7.1272 -1.2327
v -0.5040 7.1274 -1.2322
v -0.5047 7.1280 -1.2309
v -0.5042 7.1287 -1.2295
v -0.5028 7.1291 -1.2289
v -0.5012 7.1289 -1.2294
v -0.5005 7.1283 -1.2307
v 0.0279 2.0315 -0.1193
v -0.0488 2.0983 -0.0556
v -0.0501 2.0905 0.0641
v 0.0254 2.0159 0.1202
v 0.1021 1.9491 0.0565
v 0.1034 1.9569 -0.0632
v 0.5856 2.7167 -0.0003
v 0.5106 2.7612 0.0336
v 0.4868 2.7512 0.1237
v 0.5382 2.6965 0.1798
v 0.6132 2.6519 0.1459
v 0.6369 2.6620 0.0558
v 0.9304 3.7180 0.2351
v 0.8699 3.7583 0.2441
v 0.8352 3.7583 0.3085
v 0.8609 3.7180 0.3640
v 0.9214 3.6777 0.3550
v 0.9562 3.6777 0.2905
v 1.4630 4.6761 0.6194
v 1.4217 4.6992 0.6396
v 1.4132 4.6969 0.6903
v 1.4459 4.6715 0.7208
v 1.4872 4.6484 0.7006
v 1.4957 4.6507 0.6499
v 1.9751 5.8614 0.7400
v 1.9687 5.8634 0.7456
v 1.9699 5.8627 0.7542
v 1.9776 5.8599 0.7573
v 1.9841 5.8579 0.7518
v 1.9829 5.8586 0.7431
v -0.0718 2.9421 0.0162
v -0.0192 3.0181 0.0311
v 0.0630 3.0276 -0.0127
v 0.0927 2.9610 -0.0715
v 0.0402 2.8849 -0.0864
v -0.0421 2.8754 -0.0426
v -0.4862 3.6234 -0.6595
v -0.4466 3.6733 -0.6232
v -0.3767 3.6850 -0.6417
v -0.3463 3.6467 -0.6963
v -0.3859 3.5968 -0.7325
v -0.4559 3.5852 -0.7141
v -0.8162 4.5201 -0.9922
v -0.7752 4.5511 -0.9911
v -0.7449 4.5551 -1.0325
v -0.7555 4.5280 -1.0749
v -0.7965 4.4970 -1.0759
v -0.8268 4.4930 -1.0346
v -1.4284 5.6177 -1.3120
v -1.4206 5.6212 -1.3140
v -1.4177 5.6212 -1.3223
v -1.4226 5.6176 -1.3285
v -1.4304 5.6140 -1.3266
v -1.4333 5.6141 -1.3183
v 0.8608 3.4224 0.2412
v 0.8659 3.4846 0.2285
v 0.8143 3.5218 0.2301
v 0.7575 3.4968 0.2442
v 0.7523 3.4346 0.2569
v 0.8040 3.3975 0.2554
v 1.0501 3.6843 0.8739
v 1.0602 3.7260 0.8486
v 1.0241 3.7590 0.8395
v 0.9778 3.7503 0.8556
v 0.9677 3.7086 0.8809
v 1.0038 3.6756 0.8901
v 1.3896 4.0875 1.3155
v 1.3806 4.1202 1.3072
v 1.3529 4.1351 1.3225
v 1.3343 4.1173 1.3461
v 1.3434 4.0846 1.3544
v 1.3710 4.0697 1.3391
v 1.9358 4.5014 1.8699
v 1.9326 4.5063 1.8692
v 1.9283 4.5076 1.8731
v 1.9273 4.5040 1.8777
v 1.9305 4.4991 1.8784
v 1.9348 4.4978 1.8745
v 0.0177 4.4703 0.0040
v 0.0207 4.5206 -0.0320
v -0.0181 4.5268 -0.0798
v -0.0599 4.4828 -0.0916
v -0.0630 4.4325 -0.0557
v -0.0242 4.4262 -0.0079
v -0.3684 4.9206 0.3581
v -0.3499 4.9536 0.3279
v -0.3707 4.9613 0.2848
v -0.4100 4.9360 0.2720
v -0.4285 4.9030 0.3022
v -0.4077 4.8953 0.3453
v -0.5427 5.5133 0.6142
v -0.5472 5.5338 0.5874
v -0.5779 5.5364 0.5730
v -0.6040 5.5185 0.5852
v -0.5995 5.4980 0.6120
v -0.5689 5.4954 0.6264
v -0.6730 6.2388 1.0517
v -0.6753 6.2412 1.0469
v -0.6810 6.2411 1.0461
v -0.6845 6.2387 1.0501
v -0.6822 6.2364 1.0549
v -0.6765 6.2364 1.0557
v 0.5730 2.7686 0.7828
v 0.4429 2.8240 0.4906
v 0.8567 3.0238 0.7191
v 0.7646 3.1231 0.4374
v 1.2259 2.9380 0.5683
v 1.0544 3.0551 0.2455
v 0.6676 3.1185 0.2278
v 0.7612 2.7298 0.9881
v 0.9355 2.7765 1.0010
v 1.1978 2.8569 0.8812
v 0.8588 4.1866 0.8929
v 0.8539 3.5704 0.8367
v 0.6933 4.2684 0.3405
v 0.6437 3.6731 0.2293
v 0.9621 4.3578 -0.1935
v 0.8337 3.7111 -0.2565
v 0.6885 3.2391 0.1927
v 0.8969 4.7039 0.8004
v 0.8826 4.8658 0.5453
v 0.9174 4.8760 0.0611
v 1.3357 3.0160 0.4577
v 1.0297 3.1372 0.5397
v 1.3141 3.1231 0.1034
v 1.0402 3.2702 0.1354
v 1.1922 3.0281 -0.2678
v 0.8589 3.2258 -0.1641
v 0.8243 3.3119 0.2064
v 1.5591 2.9042 0.3029
v 1.5935 2.9018 0.1170
v 1.5027 2.9225 -0.1816
v 1.3359 3.3431 0.8241
v 0.9880 3.5023 0.7172
v 1.5686 3.5855 0.5492
v 1.2845 3.7849 0.4329
v 1.7402 3.6272 0.1127
v 1.3452 3.8686 0.0327
v 1.0332 3.8442 0.3523
v 1.6619 3.2332 0.8134
v 1.8304 3.2876 0.6804
v 1.9668 3.4274 0.3705
v 0.4563 3.8082 0.4274
v 0.4028 3.1174 0.5719
v 0.4690 3.6321 -0.2229
v 0.3933 3.0373 -0.1524
v 1.0101 3.4923 -0.6658
v 0.8086 2.8267 -0.5596
v 0.4044 2.6193 0.0203
v 0.5338 4.2337 0.1405
v 0.6531 4.2975 -0.1559
v 0.8919 4.1199 -0.5861
v 0.7531 3.1743 1.2265
v 0.6541 3.3795 0.9349
v 1.1264 3.3284 1.2468
v 1.0787 3.5567 0.9981
v 1.5407 3.3004 1.1055
v 1.4104 3.5913 0.8057
v 0.9993 3.6540 0.7797
v 0.9308 3.0097 1.4365
v 1.1326 3.0162 1.4788
v 1.4554 3.0935 1.4000
v 2.3849 4.4311 0.8793
v 1.9478 4.2479 0.9605
v 2.2235 4.8438 0.4446
v 1.6675 4.6169 0.4656
v 2.2918 4.5613 -0.1510
v 1.6624 4.3565 0.0472
v 1.3193 4.3614 0.5355
v 2.7892 4.6553 0.7192
v 2.8903 4.7862 0.4524
v 2.7466 4.8131 0.0222
v 2.1373 4.3437 0.0934
v 1.7731 4.1473 0.5064
v 1.7141 4.4016 -0.2965
v 1.3042 4.2236 0.0578
v 1.5331 4.0165 -0.6921
v 1.0993 3.9146 -0.2528
v 1.0974 4.0167 0.3695
v 2.3620 4.4422 -0.3397
v 2.2688 4.4350 -0.6097
v 1.9603 4.2788 -0.9112
v 1.3564 5.2049 0.1875
v 1.3776 4.8642 0.1975
v 1.3683 5.2658 0.5856
v 1.4112 4.9098 0.6591
v 1.0513 5.2200 0.8596
v 1.0850 4.8642 0.8690
v 1.3905 4.6414 0.6313
v 1.3337 5.5164 0.2658
v 1.2734 5.6400 0.4261
v 1.1388 5.5814 0.7392
v 1.4933 5.5500 0.5480
v 1.5576 5.3083 0.4396
v 1.3767 5.4589 0.9050
v 1.4884 5.1403 0.8389
v 1.0460 5.2885 1.0398
v 1.2077 5.0160 0.9173
v 1.5336 4.9304 0.7010
v 1.3990 5.8103 0.7242
v 1.2997 5.8185 0.9833
v 1.0824 5.6282 1.1039
v 1.0092 5.0384 0.8996
v 1.0541 4.5235 0.9615
v 0.9580 5.0005 0.3885
v 0.9896 4.4937 0.3840
v 1.3267 5.0227 0.0262
v 1.2751 4.4690 0.0625
v 1.0846 4.1358 0.4724
v 1.0304 5.4527 0.7434
v 1.0666 5.5450 0.5090
v 1.2029 5.4826 0.1290
v 1.6177 5.5610 1.0037
v 1.6246 5.2752 0.9013
v 1.5758 5.7341 0.7659
v 1.5704 5.3849 0.6950
v 1.7723 5.7891 0.4657
v 1.7141 5.4042 0.4299
v 1.6304 5.1247 0.6947
v 1.6484 5.9057 1.0562
v 1.6733 6.0470 0.9044
v 1.7087 6.0111 0.6555
v 2.3288 5.4607 1.0176
v 2.0832 5.2454 1.0007
v 2.1922 5.7055 0.7621
v 1.9176 5.5352 0.7198
v 2.2137 5.7046 0.3575
v 1.8924 5.4898 0.3692
v 1.7705 5.3451 0.7057
v 2.5228 5.6536 0.9441
v 2.5386 5.8244 0.8258
v 2.4566 5.9146 0.5234
v 1.9632 5.4042 0.5211
v 1.7262 5.1925 0.5376
v 2.1664 5.2823 0.7362
v 1.8782 5.0469 0.7000
v 2.1348 5.3116 1.1542
v 1.8428 5.0256 1.0387
v 1.6191 4.9767 0.6772
v 2.2349 5.6516 0.5908
v 2.3605 5.6451 0.7756
v 2.3397 5.4906 1.0037
v 1.8356 4.2623 1.5499
v 1.6576 4.2164 1.4251
v 1.7693 4.1822 1.7476
v 1.5863 4.1254 1.5704
v 1.5830 4.3108 1.9343
v 1.4143 4.2065 1.7138
v 1.4720 4.1584 1.4247
v 2.0021 4.3394 1.7357
v 1.9647 4.3423 1.8871
v 1.7959 4.3150 1.9764
v 1.3002 4.2604 1.5899
v 1.2531 4.1168 1.4270
v 1.4170 4.4139 1.4772
v 1.3282 4.2370 1.3071
v 1.6967 4.3919 1.3913
v 1.5437 4.2167 1.2074
v 1.2892 4.0644 1.2433
v 1.4133 4.4249 1.7582
v 1.5361 4.5135 1.7205
v 1.6473 4.5154 1.5628
v 0.9145 3.9790 1.1909
v 0.8913 3.7829 0.9835
v 1.0631 4.1841 1.0538
v 0.9910 3.9403 0.8334
v 1.4344 4.1826 0.9816
v 1.2819 3.9335 0.7350
v 0.9676 3.7119 0.7556
v 1.0193 4.2096 1.4126
v 1.1721 4.3351 1.3758
v 1.3353 4.3430 1.1884
v 1.3017 3.7747 1.5862
v 1.0359 3.7217 1.3180
v 1.6641 3.9238 1.3682
v 1.4157 3.8529 1.1457
v 1.6522 4.1666 0.9743
v 1.2551 4.0683 0.7963
v 1.1275 3.7859 0.9831
v 1.5712 3.9204 1.6806
v 1.7558 4.0228 1.5961
v 1.8119 4.2111 1.3049
v 1.1473 4.1476 1.7455
v 1.0438 4.0781 1.3951
v 1.5352 4.0514 1.7865
v 1.4174 3.9822 1.4818
v 1.7940 4.0708 1.4658
v 1.5506 4.0475 1.1080
v 1.2548 3.9544 1.1971
v 1.3632 4.2119 1.9611
v 1.5652 4.1943 1.9989
v 1.8028 4.1945 1.7997
v 1.6927 4.5796 1.3866
v 1.4282 4.4455 1.1224
v 1.8783 4.8570 1.1090
v 1.6432 4.7924 0.8360
v 2.2051 4.9174 0.7753
v 1.8531 4.8170 0.4808
v 1.4813 4.6542 0.6690
v 1.9791 4.7128 1.5234
v 2.1389 4.8382 1.4350
v 2.3265 4.9708 1.1497
v 1.7606 4.4907 1.9069
v 1.5938 4.3311 1.8521
v 1.8237 4.5322 1.6344
v 1.6665 4.3937 1.5432
v 2.0370 4.3911 1.4811
v 1.8166 4.2363 1.4029
v 1.5604 4.2632 1.5289
v 1.9352 4.5991 1.9043
v 2.0253 4.6174 1.8092
v 2.1239 4.5607 1.6224
v -0.1622 3.0250 -1.1019
v -0.0108 3.0917 -0.7883
v -0.5187 3.2209 -0.9874
v -0.4192 3.3258 -0.6781
v -0.8767 3.0268 -0.8064
v -0.6934 3.1667 -0.4562
v -0.2961 3.3275 -0.4578
v -0.3714 2.9544 -1.3155
v -0.5689 2.9622 -1.3126
v -0.8558 2.9733 -1.1562
v -0.5919 3.3951 -1.0745
v -0.2895 3.3746 -0.8429
v -0.9445 3.4622 -0.8057
v -0.6618 3.4238 -0.6190
v -0.9256 3.6783 -0.3967
v -0.4985 3.6426 -0.2729
v -0.3483 3.4002 -0.4957
v -0.8921 3.4952 -1.1257
v -1.0796 3.5569 -1.0129
v -1.1306 3.7135 -0.7026
v 0.1278 4.4246 -1.3290
v 0.1101 3.7834 -1.1474
v -0.2637 4.6154 -0.8718
v -0.3173 4.0594 -0.6429
v -0.8935 4.6898 -0.7786
v -0.8379 4.0435 -0.4812
v -0.3534 3.6097 -0.6078
v -0.0008 4.9694 -1.4230
v -0.2219 5.1678 -1.2892
v -0.6670 5.2189 -1.0192
v -0.3899 4.8885 -1.6274
v -0.4461 4.3860 -1.2617
v -0.5548 5.3514 -1.4268
v -0.5586 4.7214 -1.0428
v -1.0895 5.4746 -1.2051
v -0.9850 4.7922 -0.8029
v -0.6069 4.1896 -0.8684
v -0.4362 5.5032 -2.0004
v -0.6182 5.8264 -1.9319
v -0.8717 5.8497 -1.5965
v -1.5239 5.1732 -0.7340
v -1.1430 4.8886 -0.8283
v -1.7363 5.2582 -1.0785
v -1.2937 4.8972 -1.1277
v -1.5668 5.5550 -1.4143
v -1.1348 5.1095 -1.4225
v -0.9146 4.6845 -1.0898
v -1.9365 5.4935 -0.7243
v -2.0614 5.6633 -0.9278
v -1.9386 5.6628 -1.2310
v -0.4155 3.5726 -1.9964
v -0.0649 3.5925 -1.3757
v -1.0595 3.8084 -1.7485
v -0.7787 3.8755 -1.1665
v -1.6367 3.6418 -1.3568
v -1.2319 3.6876 -0.6966
v -0.5081 3.7929 -0.7702
v -0.8921 3.5166 -2.4348
v -1.2999 3.5216 -2.4095
v -1.8518 3.5840 -1.9973
v -0.1308 4.9116 -0.8962
v 0.1313 4.4927 -0.6501
v -0.4319 5.0193 -0.4825
v -0.2234 4.6597 -0.2047
v -0.9022 4.8737 -0.2839
v -0.5714 4.5046 0.0378
v -0.0677 4.3356 -0.0992
v -0.4494 5.2315 -1.0269
v -0.6702 5.3272 -0.9048
v -0.9774 5.2720 -0.6043
v -0.2713 3.9799 -0.3582
v -0.4133 3.7439 -0.3937
v -0.0079 3.9529 -0.5491
v -0.1414 3.7439 -0.5592
v 0.0043 3.7727 -0.8336
v -0.2357 3.5563 -0.8019
v -0.3117 3.5669 -0.5499
v -0.1158 4.1336 -0.4396
v 0.0111 4.1447 -0.5453
v 0.0644 4.0262 -0.7655
v -1.4145 4.4073 -1.5335
v -0.8567 4.2859 -1.4827
v -1.5376 4.4383 -0.9615
v -1.0303 4.3550 -0.8712
v -1.6041 4.1373 -0.4747
v -0.9914 4.0301 -0.4343
v -0.6667 4.2121 -0.8929
v -1.9268 4.4357 -1.4364
v -2.1094 4.3855 -1.1683
v -2.1140 4.2516 -0.6289
v 0.3979 3.5335 -0.3513
v 0.0957 3.4302 -0.2319
v 0.2287 3.6837 -0.6888
v -0.0851 3.6200 -0.6159
v 0.1844 3.4763 -1.0612
v -0.1842 3.4144 -0.9098
v -0.2774 3.5077 -0.5193
v 0.6209 3.5940 -0.5354
v 0.6247 3.6203 -0.7237
v 0.5024 3.5888 -1.0116
v -1.0819 4.7807 -1.7439
v -0.7060 4.6053 -1.4590
v -1.5610 4.7721 -1.3966
v -1.2088 4.5994 -1.1763
v -1.5495 4.8313 -0.7888
v -1.0022 4.6758 -0.6379
v -0.8096 4.4723 -1.0246
v -1.4624 4.9637 -1.7689
v -1.7122 5.0058 -1.6080
v -1.7900 5.0496 -1.1532
v -1.0617 5.1488 -1.8340
v -0.9653 4.7916 -1.6830
v -0.9370 5.4343 -1.4229
v -0.8457 5.0093 -1.1773
v -1.3857 5.4968 -1.1096
v -1.1770 4.9903 -0.9373
v -0.8320 4.6611 -1.0734
v -1.1544 5.5368 -1.9125
v -1.2294 5.7472 -1.7778
v -1.3399 5.8223 -1.4247
v -1.5143 5.8453 -1.5699
v -1.3845 5.6025 -1.4263
v -1.4916 5.9998 -1.3316
v -1.3785 5.7085 -1.2832
v -1.6683 5.9776 -1.0787
v -1.5115 5.6740 -1.0359
v -1.3361 5.4716 -1.2822
v -1.6416 6.1245 -1.6018
v -1.6538 6.2321 -1.4291
v -1.6584 6.1868 -1.2506
v -0.1836 4.2800 0.4403
v -0.2788 4.3571 0.2437
v 0.0381 4.4410 0.4070
v -0.0259 4.5449 0.2203
v 0.2876 4.3635 0.2785
v 0.1679 4.4905 0.0673
v -0.1007 4.5694 0.0754
v -0.0483 4.2175 0.5747
v 0.0796 4.2343 0.5813
v 0.2690 4.2797 0.4936
v -1.2417 4.4281 0.2381
v -0.8647 4.3707 -0.0209
v -1.0286 4.8517 0.5975
v -0.5176 4.7845 0.3406
v -0.7813 4.5746 1.1129
v -0.2848 4.5463 0.6755
v -0.1938 4.6377 0.1181
v -1.5690 4.5320 0.5574
v -1.5776 4.6275 0.8425
v -1.2910 4.6902 1.1644
v 0.1575 4.5671 0.4299
v -0.0746 4.5724 0.2638
v 0.3393 4.6273 0.2175
v 0.1555 4.6489 0.0670
v 0.4423 4.4223 0.0317
v 0.1904 4.4710 -0.1441
v -0.0040 4.6224 -0.0032
v 0.3929 4.5328 0.5108
v 0.5038 4.5133 0.4308
v 0.6029 4.4554 0.2334
v 1.0900 5.2591 -0.7500
v 0.7861 4.7507 -0.3866
v 0.4972 5.5318 -0.7962
v 0.1275 5.1235 -0.3904
v 0.2209 5.4631 -1.3476
v -0.0893 4.9775 -0.7781
v -0.0569 4.8080 -0.1095
v 1.1677 5.6773 -1.1010
v 1.0230 5.8859 -1.2936
v 0.6098 5.9006 -1.4562
v 0.2433 5.9115 -1.4021
v 0.3906 5.5805 -0.8447
v -0.4253 6.0908 -1.1659
v -0.3639 5.7973 -0.5900
v -1.0964 5.7819 -1.2259
v -0.9328 5.5481 -0.5744
v -0.2294 5.4823 -0.2446
v -0.0473 6.1417 -1.8391
v -0.3996 6.2120 -1.8830
v -0.9727 6.1293 -1.7412
v -1.0569 6.3439 1.3065
v -0.8981 6.0478 1.0366
v -0.8056 6.6005 1.3853
v -0.6739 6.2439 1.0458
v -0.4715 6.5192 1.6367
v -0.3795 6.1656 1.2232
v -0.6274 5.9172 0.8419
v -1.1490 6.6849 1.6080
v -0.9975 6.8317 1.7608
v -0.7093 6.7939 1.7505
v -1.1329 5.4827 0.6185
v -0.8048 5.0897 0.1920
v -0.8480 5.5955 1.1936
v -0.5928 5.2214 0.8067
v -0.1791 5.6009 1.0469
v -0.0245 5.2705 0.4665
v -0.3913 4.8996 0.3409
v -1.1810 5.8579 1.0055
v -1.0423 5.9806 1.2797
v -0.5573 6.0135 1.2829
v 2.1577 6.0835 0.9677
v 2.0469 5.8656 0.9645
v 2.1012 6.1378 0.7356
v 1.9949 5.9640 0.7213
v 2.2348 6.0530 0.5384
v 2.0828 5.8342 0.5417
v 1.9539 5.8210 0.7474
v 2.2683 6.2579 0.9071
v 2.2905 6.2904 0.7956
v 2.3069 6.2530 0.6043
v 1.9197 5.8145 1.1724
v 1.9291 5.5733 1.0404
v 1.8254 5.9560 0.9615
v 1.8049 5.7514 0.8168
v 1.8897 6.1014 0.7143
v 1.8578 5.8149 0.5699
v 1.8415 5.5856 0.7360
v 1.9203 6.0448 1.2217
v 1.8971 6.1590 1.1422
v 1.8829 6.2556 0.9351
v 1.8074 4.5588 2.0797
v 1.7310 4.4796 1.9228
v 2.0247 4.5926 2.0305
v 1.9468 4.5139 1.8997
v 2.1070 4.6312 1.8164
v 1.9504 4.5459 1.6806
v 1.8395 4.4477 1.7861
v 1.9234 4.6485 2.1464
v 2.0308 4.6830 2.1279
v 2.1223 4.7166 1.9808
v -0.5848 6.0115 0.6004
v -0.8170 5.5191 0.5278
v -0.0666 5.8728 0.4341
v -0.2455 5.4170 0.3312
v 0.3915 5.5927 0.5635
v 0.1212 5.0689 0.4658
v -0.4336 5.0935 0.3556
v -0.2470 6.3688 0.6947
v 0.0673 6.3718 0.7086
v 0.5170 6.0904 0.6600
v -1.0256 5.9266 -0.1752
v -0.6918 5.4048 -0.2405
v -0.4646 6.2354 0.3809
v -0.2861 5.6363 0.1917
v 0.3433 6.0695 0.3639
v 0.3238 5.4953 0.0615
v -0.1808 5.0672 -0.0783
v -0.9481 6.5388 0.0703
v -0.6382 6.7069 0.3402
v -0.0297 6.6631 0.4106
v -0.3023 7.1930 -0.5994
v -0.0759 6.6094 -0.8069
v -0.6525 6.8674 -0.2847
v -0.4803 6.3981 -0.3663
v -1.1815 6.8091 -0.4098
v -0.8481 6.1507 -0.5873
v -0.3230 6.1140 -0.4623
v -0.5746 7.4490 -0.4267
v -0.8109 7.4552 -0.3012
v -1.1295 7.2186 -0.2349
v 0.3971 6.3678 0.3141
v -0.1828 6.0390 0.1474
v 0.4568 6.5173 -0.2688
v -0.0112 6.2779 -0.3955
v 0.7365 6.2614 -0.7504
v 0.0961 6.0265 -0.8733
v -0.3044 6.0193 -0.4481
v 0.8276 6.5556 0.2512
v 0.9849 6.6135 0.0033
v 1.0802 6.5458 -0.4756
v 0.0934 7.2666 -1.7349
v 0.1100 6.9305 -1.3404
v -0.4431 7.4226 -1.6199
v -0.4931 7.1191 -1.2175
v -0.9632 7.2429 -1.7973
v -0.9429 6.9680 -1.3159
v -0.4552 6.8235 -0.9827
v -0.0550 7.5205 -2.0715
v -0.3148 7.6059 -2.1416
v -0.7777 7.5663 -2.1219
v 0.0259 6.6004 -1.3661
v -0.1363 6.4653 -0.9903
v -0.1928 6.8510 -1.5230
v -0.3277 6.6824 -1.0614
v -0.5670 6.7460 -1.6974
v -0.6523 6.6007 -1.1720
v -0.3936 6.4730 -0.7415
v 0.1249 6.7769 -1.7841
v -0.0227 6.8809 -1.9718
v -0.3091 6.9059 -1.9274
v -0.2873 7.6326 -1.2989
v -0.0606 7.1617 -1.1305
v -0.7938 7.4919 -1.1127
v -0.6363 7.0177 -0.9197
v -1.2204 7.2339 -1.3721
v -0.9951 6.7697 -1.0925
v -0.4402 6.6703 -0.8719
v -0.5864 7.9553 -1.4611
v -0.8622 7.9599 -1.4781
v -1.2498 7.7372 -1.4841
v 0.2710 7.3245 -0.8736
v 0.2226 6.7097 -0.9634
v -0.3608 7.2528 -0.6510
v -0.4291 6.7751 -0.6463
v -0.9334 7.4177 -0.9065
v -0.9171 6.6981 -0.9338
v -0.4034 6.4559 -0.6726
v 0.0891 7.6819 -0.8049
v -0.1880 7.8087 -0.7521
v -0.6800 7.7610 -0.7592
v -0.7498 6.5816 0.9531
v -0.9577 6.1407 0.8880
v -0.2858 6.4573 0.8042
v -0.4460 6.0492 0.7120
v 0.1050 6.2056 0.9728
v -0.1373 5.7413 0.8954
v -0.6144 5.7596 0.7339
v -0.5321 6.9014 1.0442
v -0.1720 6.9572 1.0741
v 0.2042 6.6313 1.1104
vt 0.79650 0.00005
vt 0.83568 0.00005
vt 0.83388 0.02534
vt 0.79875 0.02576
vt 0.91108 0.00605
vt 0.94792 0.01190
vt 0.93491 0.03487
vt 0.90266 0.02968
vt 0.75658 0.00267
vt 0.79650 0.00005
vt 0.79875 0.02576
vt 0.76407 0.02820
vt 0.87395 0.00213
vt 0.91108 0.00605
vt 0.90266 0.02968
vt 0.86863 0.02671
vt 0.71766 0.00856
vt 0.75658 0.00267
vt 0.76407 0.02820
vt 0.73038 0.03241
vt 0.83568 0.00005
vt 0.87395 0.00213
vt 0.86863 0.02671
vt 0.83388 0.02534
vt 0.94792 0.01190
vt 0.98405 0.02144
vt 0.96426 0.04168
vt 0.93491 0.03487
vt 0.68110 0.01773
vt 0.71766 0.00856
vt 0.73038 0.03241
vt 0.69922 0.03884
vt 0.76407 0.02820
vt 0.79875 0.02576
vt 0.80253 0.06422
vt 0.77283 0.06577
vt 0.86863 0.02671
vt 0.90266 0.02968
vt 0.89168 0.06663
vt 0.86240 0.06463
vt 0.73038 0.03241
vt 0.76407 0.02820
vt 0.77283 0.06577
vt 0.74396 0.06841
vt 0.83388 0.02534
vt 0.86863 0.02671
vt 0.86240 0.06463
vt 0.83254 0.06382
vt 0.93491 0.03487
vt 0.96426 0.04168
vt 0.94708 0.07378
vt 0.91997 0.06975
vt 0.69922 0.03884
vt 0.73038 0.03241
vt 0.74396 0.06841
vt 0.71645 0.07196
vt 0.79875 0.02576
vt 0.83388 0.02534
vt 0.83254 0.06382
vt 0.80253 0.06422
vt 0.90266 0.02968
vt 0.93491 0.03487
vt 0.91997 0.06975
vt 0.89168 0.06663
vt 0.80253 0.06422
vt 0.83254 0.06382
vt 0.83107 0.11500
vt 0.80550 0.11510
vt 0.89168 0.06663
vt 0.91997 0.06975
vt 0.90711 0.11839
vt 0.88200 0.11670
vt 0.77283 0.06577
vt 0.80253 0.06422
vt 0.80550 0.11510
vt 0.78011 0.11582
vt 0.86240 0.06463
vt 0.89168 0.06663
vt 0.88200 0.11670
vt 0.85664 0.11555
vt 0.74396 0.06841
vt 0.77283 0.06577
vt 0.78011 0.11582
vt 0.75515 0.11711
vt 0.83254 0.06382
vt 0.86240 0.06463
vt 0.85664 0.11555
vt 0.83107 0.11500
vt 0.91997 0.06975
vt 0.94708 0.07378
vt 0.93180 0.12052
vt 0.90711 0.11839
vt 0.71645 0.07196
vt 0.74396 0.06841
vt 0.75515 0.11711
vt 0.73066 0.11894
vt 0.83107 0.11500
vt 0.85664 0.11555
vt 0.84964 0.22076
vt 0.82871 0.22029
vt 0.90711 0.11839
vt 0.93180 0.12052
vt 0.91197 0.22272
vt 0.89134 0.22199
vt 0.73066 0.11894
vt 0.75515 0.11711
vt 0.76621 0.22054
vt 0.74561 0.22128
vt 0.80550 0.11510
vt 0.83107 0.11500
vt 0.82871 0.22029
vt 0.80780 0.22003
vt 0.88200 0.11670
vt 0.90711 0.11839
vt 0.89134 0.22199
vt 0.87054 0.22134
vt 0.78011 0.11582
vt 0.80550 0.11510
vt 0.80780 0.22003
vt 0.78695 0.22011
vt 0.85664 0.11555
vt 0.88200 0.11670
vt 0.87054 0.22134
vt 0.84964 0.22076
vt 0.75515 0.11711
vt 0.78011 0.11582
vt 0.78695 0.22011
vt 0.76621 0.22054
vt 0.84964 0.22076
vt 0.87054 0.22134
vt 0.86463 0.33666
vt 0.84530 0.33621
vt 0.76621 0.22054
vt 0.78695 0.22011
vt 0.78727 0.33563
vt 0.76793 0.33584
vt 0.82871 0.22029
vt 0.84964 0.22076
vt 0.84530 0.33621
vt 0.82599 0.33583
vt 0.89134 0.22199
vt 0.91197 0.22272
vt 0.90339 0.33760
vt 0.88400 0.33713
vt 0.74561 0.22128
vt 0.76621 0.22054
vt 0.76793 0.33584
vt 0.74859 0.33620
vt 0.80780 0.22003
vt 0.82871 0.22029
vt 0.82599 0.33583
vt 0.80663 0.33562
vt 0.87054 0.22134
vt 0.89134 0.22199
vt 0.88400 0.33713
vt 0.86463 0.33666
vt 0.78695 0.22011
vt 0.80780 0.22003
vt 0.80663 0.33562
vt 0.78727 0.33563
vt 0.86463 0.33666
vt 0.88400 0.33713
vt 0.87304 0.47277
vt 0.85625 0.47201
vt 0.78727 0.33563
vt 0.80663 0.33562
vt 0.80569 0.47178
vt 0.78894 0.47211
vt 0.84530 0.33621
vt 0.86463 0.33666
vt 0.85625 0.47201
vt 0.83944 0.47158
vt 0.76793 0.33584
vt 0.78727 0.33563
vt 0.78894 0.47211
vt 0.77234 0.47235
vt 0.82599 0.33583
vt 0.84530 0.33621
vt 0.83944 0.47158
vt 0.82253 0.47154
vt 0.88400 0.33713
vt 0.90339 0.33760
vt 0.88970 0.47368
vt 0.87304 0.47277
vt 0.74859 0.33620
vt 0.76793 0.33584
vt 0.77234 0.47235
vt 0.75553 0.47243
vt 0.80663 0.33562
vt 0.82599 0.33583
vt 0.82253 0.47154
vt 0.80569 0.47178
vt 0.87304 0.47277
vt 0.88970 0.47368
vt 0.87426 0.62426
vt 0.86071 0.62251
vt 0.75553 0.47243
vt 0.77234 0.47235
vt 0.77741 0.62398
vt 0.76336 0.62343
vt 0.80569 0.47178
vt 0.82253 0.47154
vt 0.81930 0.62151
vt 0.80544 0.62270
vt 0.85625 0.47201
vt 0.87304 0.47277
vt 0.86071 0.62251
vt 0.84701 0.62122
vt 0.78894 0.47211
vt 0.80569 0.47178
vt 0.80544 0.62270
vt 0.79148 0.62372
vt 0.83944 0.47158
vt 0.85625 0.47201
vt 0.84701 0.62122
vt 0.83320 0.62088
vt 0.77234 0.47235
vt 0.78894 0.47211
vt 0.79148 0.62372
vt 0.77741 0.62398
vt 0.82253 0.47154
vt 0.83944 0.47158
vt 0.83320 0.62088
vt 0.81930 0.62151
vt 0.77741 0.62398
vt 0.79148 0.62372
vt 0.79064 0.73650
vt 0.77981 0.73721
vt 0.81930 0.62151
vt 0.83320 0.62088
vt 0.82364 0.73573
vt 0.81249 0.73552
vt 0.86071 0.62251
vt 0.87426 0.62426
vt 0.85707 0.73813
vt 0.84589 0.73734
vt 0.76336 0.62343
vt 0.77741 0.62398
vt 0.77981 0.73721
vt 0.76878 0.73767
vt 0.80544 0.62270
vt 0.81930 0.62151
vt 0.81249 0.73552
vt 0.80147 0.73583
vt 0.84701 0.62122
vt 0.86071 0.62251
vt 0.84589 0.73734
vt 0.83481 0.73643
vt 0.79148 0.62372
vt 0.80544 0.62270
vt 0.80147 0.73583
vt 0.79064 0.73650
vt 0.83320 0.62088
vt 0.84701 0.62122
vt 0.83481 0.73643
vt 0.82364 0.73573
vt 0.79064 0.73650
vt 0.80147 0.73583
vt 0.79989 0.85912
vt 0.79283 0.85950
vt 0.82364 0.73573
vt 0.83481 0.73643
vt 0.82103 0.85784
vt 0.81400 0.85797
vt 0.77981 0.73721
vt 0.79064 0.73650
vt 0.79283 0.85950
vt 0.78574 0.85945
vt 0.81249 0.73552
vt 0.82364 0.73573
vt 0.81400 0.85797
vt 0.80692 0.85850
vt 0.84589 0.73734
vt 0.85707 0.73813
vt 0.83490 0.85905
vt 0.82795 0.85824
vt 0.76878 0.73767
vt 0.77981 0.73721
vt 0.78574 0.85945
vt 0.77859 0.85916
vt 0.80147 0.73583
vt 0.81249 0.73552
vt 0.80692 0.85850
vt 0.79989 0.85912
vt 0.83481 0.73643
vt 0.84589 0.73734
vt 0.82795 0.85824
vt 0.82103 0.85784
vt 0.79989 0.85912
vt 0.80692 0.85850
vt 0.80729 0.99359
vt 0.80342 0.99414
vt 0.82103 0.85784
vt 0.82795 0.85824
vt 0.81915 0.99370
vt 0.81528 0.99325
vt 0.79283 0.85950
vt 0.79989 0.85912
vt 0.80342 0.99414
vt 0.79964 0.99456
vt 0.81400 0.85797
vt 0.82103 0.85784
vt 0.81528 0.99325
vt 0.81126 0.99322
vt 0.78574 0.85945
vt 0.79283 0.85950
vt 0.79964 0.99456
vt 0.79582 0.99464
vt 0.80692 0.85850
vt 0.81400 0.85797
vt 0.81126 0.99322
vt 0.80729 0.99359
vt 0.82795 0.85824
vt 0.83490 0.85905
vt 0.82298 0.99434
vt 0.81915 0.99370
vt 0.77859 0.85916
vt 0.78574 0.85945
vt 0.79582 0.99464
vt 0.79202 0.99439
vt 0.82495 0.99644
vt 0.82388 0.99876
vt 0.82041 0.99995
vt 0.81657 0.99931
vt 0.81461 0.99721
vt 0.81568 0.99488
vt 0.81915 0.99370
vt 0.82298 0.99434
vt 0.84052 0.00608
vt 0.87364 0.00905
vt 0.84817 0.20258
vt 0.81864 0.20252
vt 0.73249 0.00164
vt 0.76777 0.00005
vt 0.76409 0.19581
vt 0.73682 0.19458
vt 0.80488 0.00203
vt 0.84052 0.00608
vt 0.81864 0.20252
vt 0.79086 0.19951
vt 0.90800 0.01006
vt 0.94331 0.01064
vt 0.90480 0.20129
vt 0.87694 0.20092
vt 0.87364 0.00905
vt 0.90800 0.01006
vt 0.87694 0.20092
vt 0.84817 0.20258
vt 0.76777 0.00005
vt 0.80488 0.00203
vt 0.79086 0.19951
vt 0.76409 0.19581
vt 0.76409 0.19581
vt 0.79086 0.19951
vt 0.77562 0.44243
vt 0.75420 0.43949
vt 0.81864 0.20252
vt 0.84817 0.20258
vt 0.81601 0.44756
vt 0.79563 0.44604
vt 0.73682 0.19458
vt 0.76409 0.19581
vt 0.75420 0.43949
vt 0.73249 0.44002
vt 0.79086 0.19951
vt 0.81864 0.20252
vt 0.79563 0.44604
vt 0.77562 0.44243
vt 0.87694 0.20092
vt 0.90480 0.20129
vt 0.85800 0.44496
vt 0.83674 0.44646
vt 0.84817 0.20258
vt 0.87694 0.20092
vt 0.83674 0.44646
vt 0.81601 0.44756
vt 0.77562 0.44243
vt 0.79563 0.44604
vt 0.78238 0.70085
vt 0.76691 0.69898
vt 0.83674 0.44646
vt 0.85800 0.44496
vt 0.82783 0.70283
vt 0.81273 0.70294
vt 0.81601 0.44756
vt 0.83674 0.44646
vt 0.81273 0.70294
vt 0.79768 0.70245
vt 0.75420 0.43949
vt 0.77562 0.44243
vt 0.76691 0.69898
vt 0.75170 0.69825
vt 0.79563 0.44604
vt 0.81601 0.44756
vt 0.79768 0.70245
vt 0.78238 0.70085
vt 0.73249 0.44002
vt 0.75420 0.43949
vt 0.75170 0.69825
vt 0.73659 0.69904
vt 0.75170 0.69825
vt 0.76691 0.69898
vt 0.75653 0.98865
vt 0.75004 0.98895
vt 0.78238 0.70085
vt 0.79768 0.70245
vt 0.76937 0.98921
vt 0.76297 0.98867
vt 0.73659 0.69904
vt 0.75170 0.69825
vt 0.75004 0.98895
vt 0.74327 0.98913
vt 0.76691 0.69898
vt 0.78238 0.70085
vt 0.76297 0.98867
vt 0.75653 0.98865
vt 0.81273 0.70294
vt 0.82783 0.70283
vt 0.78291 0.99096
vt 0.77599 0.99011
vt 0.79768 0.70245
vt 0.81273 0.70294
vt 0.77599 0.99011
vt 0.76937 0.98921
vt 0.77403 0.99911
vt 0.77155 0.99419
vt 0.77599 0.99011
vt 0.78291 0.99096
vt 0.78539 0.99588
vt 0.78095 0.99995
vt 0.72648 0.00005
vt 0.76215 0.00486
vt 0.76514 0.31154
vt 0.73705 0.30792
vt 0.79770 0.01017
vt 0.83214 0.01014
vt 0.82311 0.30991
vt 0.79372 0.31278
vt 0.90506 0.00005
vt 0.94297 0.00174
vt 0.90924 0.30883
vt 0.88095 0.30487
vt 0.76215 0.00486
vt 0.79770 0.01017
vt 0.79372 0.31278
vt 0.76514 0.31154
vt 0.86765 0.00489
vt 0.90506 0.00005
vt 0.88095 0.30487
vt 0.85220 0.30562
vt 0.83214 0.01014
vt 0.86765 0.00489
vt 0.85220 0.30562
vt 0.82311 0.30991
vt 0.76514 0.31154
vt 0.79372 0.31278
vt 0.81141 0.61573
vt 0.79206 0.61333
vt 0.85220 0.30562
vt 0.88095 0.30487
vt 0.86973 0.61301
vt 0.85003 0.61488
vt 0.82311 0.30991
vt 0.85220 0.30562
vt 0.85003 0.61488
vt 0.83079 0.61642
vt 0.73705 0.30792
vt 0.76514 0.31154
vt 0.79206 0.61333
vt 0.77209 0.61189
vt 0.79372 0.31278
vt 0.82311 0.30991
vt 0.83079 0.61642
vt 0.81141 0.61573
vt 0.88095 0.30487
vt 0.90924 0.30883
vt 0.88959 0.61349
vt 0.86973 0.61301
vt 0.77209 0.61189
vt 0.79206 0.61333
vt 0.80605 0.98682
vt 0.79761 0.98756
vt 0.81141 0.61573
vt 0.83079 0.61642
vt 0.82314 0.98682
vt 0.81459 0.98648
vt 0.86973 0.61301
vt 0.88959 0.61349
vt 0.84967 0.98859
vt 0.84090 0.98833
vt 0.79206 0.61333
vt 0.81141 0.61573
vt 0.81459 0.98648
vt 0.80605 0.98682
vt 0.85003 0.61488
vt 0.86973 0.61301
vt 0.84090 0.98833
vt 0.83196 0.98764
vt 0.83079 0.61642
vt 0.85003 0.61488
vt 0.83196 0.98764
vt 0.82314 0.98682
vt 0.83036 0.99926
vt 0.82669 0.99310
vt 0.83196 0.98764
vt 0.84090 0.98833
vt 0.84458 0.99449
vt 0.83930 0.99995
vt 0.89601 0.00084
vt 0.93308 0.00817
vt 0.90291 0.31229
vt 0.87599 0.30713
vt 0.75013 0.01303
vt 0.78488 0.01205
vt 0.79117 0.31075
vt 0.76235 0.31447
vt 0.85779 0.00005
vt 0.89601 0.00084
vt 0.87599 0.30713
vt 0.84792 0.30408
vt 0.71406 0.00873
vt 0.75013 0.01303
vt 0.76235 0.31447
vt 0.73374 0.31410
vt 0.82038 0.00584
vt 0.85779 0.00005
vt 0.84792 0.30408
vt 0.81962 0.30565
vt 0.78488 0.01205
vt 0.82038 0.00584
vt 0.81962 0.30565
vt 0.79117 0.31075
vt 0.73374 0.31410
vt 0.76235 0.31447
vt 0.79547 0.61440
vt 0.77598 0.61259
vt 0.81962 0.30565
vt 0.84792 0.30408
vt 0.85372 0.60990
vt 0.83410 0.61238
vt 0.79117 0.31075
vt 0.81962 0.30565
vt 0.83410 0.61238
vt 0.81491 0.61450
vt 0.87599 0.30713
vt 0.90291 0.31229
vt 0.89390 0.61252
vt 0.87414 0.60974
vt 0.76235 0.31447
vt 0.79117 0.31075
vt 0.81491 0.61450
vt 0.79547 0.61440
vt 0.84792 0.30408
vt 0.87599 0.30713
vt 0.87414 0.60974
vt 0.85372 0.60990
vt 0.87414 0.60974
vt 0.89390 0.61252
vt 0.86227 0.98851
vt 0.85346 0.98867
vt 0.79547 0.61440
vt 0.81491 0.61450
vt 0.82680 0.98767
vt 0.81817 0.98757
vt 0.85372 0.60990
vt 0.87414 0.60974
vt 0.85346 0.98867
vt 0.84477 0.98867
vt 0.77598 0.61259
vt 0.79547 0.61440
vt 0.81817 0.98757
vt 0.80958 0.98816
vt 0.83410 0.61238
vt 0.85372 0.60990
vt 0.84477 0.98867
vt 0.83573 0.98824
vt 0.81491 0.61450
vt 0.83410 0.61238
vt 0.83573 0.98824
vt 0.82680 0.98767
vt 0.85346 0.99995
vt 0.84477 0.99995
vt 0.84043 0.99431
vt 0.84477 0.98867
vt 0.85346 0.98867
vt 0.85780 0.99431
vt 0.72027 0.00522
vt 0.75613 0.00900
vt 0.77492 0.31509
vt 0.74669 0.31229
vt 0.79190 0.01327
vt 0.82627 0.01224
vt 0.83272 0.31178
vt 0.80352 0.31550
vt 0.89856 0.00005
vt 0.93649 0.00064
vt 0.91865 0.30821
vt 0.89020 0.30507
vt 0.75613 0.00900
vt 0.79190 0.01327
vt 0.80352 0.31550
vt 0.77492 0.31509
vt 0.86146 0.00596
vt 0.89856 0.00005
vt 0.89020 0.30507
vt 0.86154 0.30665
vt 0.82627 0.01224
vt 0.86146 0.00596
vt 0.86154 0.30665
vt 0.83272 0.31178
vt 0.77492 0.31509
vt 0.80352 0.31550
vt 0.83680 0.61744
vt 0.81736 0.61560
vt 0.86154 0.30665
vt 0.89020 0.30507
vt 0.89489 0.61303
vt 0.87531 0.61547
vt 0.83272 0.31178
vt 0.86154 0.30665
vt 0.87531 0.61547
vt 0.85618 0.61756
vt 0.74669 0.31229
vt 0.77492 0.31509
vt 0.81736 0.61560
vt 0.79735 0.61474
vt 0.80352 0.31550
vt 0.83272 0.31178
vt 0.85618 0.61756
vt 0.83680 0.61744
vt 0.89020 0.30507
vt 0.91865 0.30821
vt 0.91474 0.61293
vt 0.89489 0.61303
vt 0.79735 0.61474
vt 0.81736 0.61560
vt 0.85058 0.98807
vt 0.84219 0.98905
vt 0.83680 0.61744
vt 0.85618 0.61756
vt 0.86764 0.98758
vt 0.85909 0.98748
vt 0.89489 0.61303
vt 0.91474 0.61293
vt 0.89422 0.98857
vt 0.88546 0.98857
vt 0.81736 0.61560
vt 0.83680 0.61744
vt 0.85909 0.98748
vt 0.85058 0.98807
vt 0.87531 0.61547
vt 0.89489 0.61303
vt 0.88546 0.98857
vt 0.87649 0.98814
vt 0.85618 0.61756
vt 0.87531 0.61547
vt 0.87649 0.98814
vt 0.86764 0.98758
vt 0.89422 0.99995
vt 0.88545 0.99995
vt 0.88107 0.99426
vt 0.88546 0.98857
vt 0.89422 0.98857
vt 0.89860 0.99426
vt 0.39096 0.29308
vt 0.66296 0.47348
vt 0.52797 0.51472
vt 0.65830 0.20320
vt 0.66296 0.47348
vt 0.39096 0.29308
vt 0.01523 0.04760
vt 0.32770 -0.00103
vt 0.34392 0.12174
vt 0.34392 0.12174
vt 0.32770 -0.00103
vt 0.65194 0.00563
vt 0.65830 0.20320
vt 0.39096 0.29308
vt 0.34392 0.12174
vt 0.65830 0.20320
vt 0.34392 0.12174
vt 0.65194 0.00563
vt 0.39096 0.29308
vt 0.52797 0.51472
vt 0.26519 0.48063
vt 0.39096 0.29308
vt 0.26519 0.48063
vt 0.02318 0.27281
vt 0.39096 0.29308
vt 0.02318 0.27281
vt 0.34392 0.12174
vt 0.34392 0.12174
vt 0.02318 0.27281
vt 0.01523 0.04760
vt 0.39096 0.29308
vt 0.66296 0.47348
vt 0.52797 0.51472
vt 0.65830 0.20320
vt 0.66296 0.47348
vt 0.39096 0.29308
vt 0.01523 0.04760
vt 0.32770 -0.00103
vt 0.34392 0.12174
vt 0.34392 0.12174
vt 0.32770 -0.00103
vt 0.65194 0.00563
vt 0.65830 0.20320
vt 0.39096 0.29308
vt 0.34392 0.12174
vt 0.65830 0.20320
vt 0.34392 0.12174
vt 0.65194 0.00563
vt 0.39096 0.29308
vt 0.52797 0.51472
vt 0.26519 0.48063
vt 0.39096 0.29308
vt 0.26519 0.48063
vt 0.02318 0.27281
vt 0.39096 0.29308
vt 0.02318 0.27281
vt 0.34392 0.12174
vt 0.34392 0.12174
vt 0.02318 0.27281
vt 0.01523 0.04760
vt 0.39096 0.29308
vt 0.66296 0.47348
vt 0.52797 0.51472
vt 0.65830 0.20320
vt 0.66296 0.47348
vt 0.39096 0.29308
vt 0.01523 0.04760
vt 0.32770 -0.00103
vt 0.34392 0.12174
vt 0.34392 0.12174
vt 0.32770 -0.00103
vt 0.65194 0.00563
vt 0.65830 0.20320
vt 0.39096 0.29308
vt 0.34392 0.12174
vt 0.65830 0.20320
vt 0.34392 0.12174
vt 0.65194 0.00563
vt 0.39096 0.29308
vt 0.52797 0.51472
vt 0.26519 0.48063
vt 0.39096 0.29308
vt 0.26519 0.48063
vt 0.02318 0.27281
vt 0.39096 0.29308
vt 0.02318 0.27281
vt 0.34392 0.12174
vt 0.34392 0.12174
vt 0.02318 0.27281
vt 0.01523 0.04760
vt 0.39096 0.29308
vt 0.66296 0.47348
vt 0.52797 0.51472
vt 0.65830 0.20320
vt 0.66296 0.47348
vt 0.39096 0.29308
vt 0.01523 0.04760
vt 0.32770 -0.00103
vt 0.34392 0.12174
vt 0.34392 0.12174
vt 0.32770 -0.00103
vt 0.65194 0.00563
vt 0.65830 0.20320
vt 0.39096 0.29308
vt 0.34392 0.12174
vt 0.65830 0.20320
vt 0.34392 0.12174
vt 0.65194 0.00563
vt 0.39096 0.29308
vt 0.52797 0.51472
vt 0.26519 0.48063
vt 0.39096 0.29308
vt 0.26519 0.48063
vt 0.02318 0.27281
vt 0.39096 0.29308
vt 0.02318 0.27281
vt 0.34392 0.12174
vt 0.34392 0.12174
vt 0.02318 0.27281
vt 0.01523 0.04760
vt 0.39096 0.29308
vt 0.66296 0.47348
vt 0.52797 0.51472
vt 0.65830 0.20320
vt 0.66296 0.47348
vt 0.39096 0.29308
vt 0.01523 0.04760
vt 0.32770 -0.00103
vt 0.34392 0.12174
vt 0.34392 0.12174
vt 0.32770 -0.00103
vt 0.65194 0.00563
vt 0.65830 0.20320
vt 0.39096 0.29308
vt 0.34392 0.12174
vt 0.65830 0.20320
vt 0.34392 0.12174
vt 0.65194 0.00563
vt 0.39096 0.29308
vt 0.52797 0.51472
vt 0.26519 0.48063
vt 0.39096 0.29308
vt 0.26519 0.48063
vt 0.02318 0.27281
vt 0.39096 0.29308
vt 0.02318 0.27281
vt 0.34392 0.12174
vt 0.34392 0.12174
vt 0.02318 0.27281
vt 0.01523 0.04760
vt 0.39096 0.29308
vt 0.66296 0.47348
vt 0.52797 0.51472
vt 0.65830 0.20320
vt 0.66296 0.47348
vt 0.39096 0.29308
vt 0.01523 0.04760
vt 0.32770 -0.00103
vt 0.34392 0.12174
vt 0.34392 0.12174
vt 0.32770 -0.00103
vt 0.65194 0.00563
vt 0.65830 0.20320
vt 0.39096 0.29308
vt 0.34392 0.12174
vt 0.65830 0.20320
vt 0.34392 0.12174
vt 0.65194 0.00563
vt 0.39096 0.29308
vt 0.52797 0.51472
vt 0.26519 0.48063
vt 0.39096 0.29308
vt 0.26519 0.48063
vt 0.02318 0.27281
vt 0.39096 0.29308
vt 0.02318 0.27281
vt 0.34392 0.12174
vt 0.34392 0.12174
vt 0.02318 0.27281
vt 0.01523 0.04760
vt 0.39096 0.29308
vt 0.66296 0.47348
vt 0.52797 0.51472
vt 0.65830 0.20320
vt 0.66296 0.47348
vt 0.39096 0.29308
vt 0.01523 0.04760
vt 0.32770 -0.00103
vt 0.34392 0.12174
vt 0.34392 0.12174
vt 0.32770 -0.00103
vt 0.65194 0.00563
vt 0.65830 0.20320
vt 0.39096 0.29308
vt 0.34392 0.12174
vt 0.65830 0.20320
vt 0.34392 0.12174
vt 0.65194 0.00563
vt 0.39096 0.29308
vt 0.52797 0.51472
vt 0.26519 0.48063
vt 0.39096 0.29308
vt 0.26519 0.48063
vt 0.02318 0.27281
vt 0.39096 0.29308
vt 0.02318 0.27281
vt 0.34392 0.12174
vt 0.34392 0.12174
vt 0.02318 0.27281
vt 0.01523 0.04760
vt 0.39096 0.29308
vt 0.66296 0.47348
vt 0.52797 0.51472
vt 0.65830 0.20320
vt 0.66296 0.47348
vt 0.39096 0.29308
vt 0.01523 0.04760
vt 0.32770 -0.00103
vt 0.34392 0.12174
vt 0.34392 0.12174
vt 0.32770 -0.00103
vt 0.65194 0.00563
vt 0.65830 0.20320
vt 0.39096 0.29308
vt 0.34392 0.12174
vt 0.65830 0.20320
vt 0.34392 0.12174
vt 0.65194 0.00563
vt 0.39096 0.29308
vt 0.52797 0.51472
vt 0.26519 0.48063
vt 0.39096 0.29308
vt 0.26519 0.48063
vt 0.02318 0.27281
vt 0.39096 0.29308
vt 0.02318 0.27281
vt 0.34392 0.12174
vt 0.34392 0.12174
vt 0.02318 0.27281
vt 0.01523 0.04760
vt 0.39096 0.29308
vt 0.66296 0.47348
vt 0.52797 0.51472
vt 0.65830 0.20320
vt 0.66296 0.47348
vt 0.39096 0.29308
vt 0.01523 0.04760
vt 0.32770 -0.00103
vt 0.34392 0.12174
vt 0.34392 0.12174
vt 0.32770 -0.00103
vt 0.65194 0.00563
vt 0.65830 0.20320
vt 0.39096 0.29308
vt 0.34392 0.12174
vt 0.65830 0.20320
vt 0.34392 0.12174
vt 0.65194 0.00563
vt 0.39096 0.29308
vt 0.52797 0.51472
vt 0.26519 0.48063
vt 0.39096 0.29308
vt 0.26519 0.48063
vt 0.02318 0.27281
vt 0.39096 0.29308
vt 0.02318 0.27281
vt 0.34392 0.12174
vt 0.34392 0.12174
vt 0.02318 0.27281
vt 0.01523 0.04760
vt 0.39096 0.29308
vt 0.66296 0.47348
vt 0.52797 0.51472
vt 0.65830 0.20320
vt 0.66296 0.47348
vt 0.39096 0.29308
vt 0.01523 0.04760
vt 0.32770 -0.00103
vt 0.34392 0.12174
vt 0.34392 0.12174
vt 0.32770 -0.00103
vt 0.65194 0.00563
vt 0.65830 0.20320
vt 0.39096 0.29308
vt 0.34392 0.12174
vt 0.65830 0.20320
vt 0.34392 0.12174
vt 0.65194 0.00563
vt 0.39096 0.29308
vt 0.52797 0.51472
vt 0.26519 0.48063
vt 0.39096 0.29308
vt 0.26519 0.48063
vt 0.02318 0.27281
vt 0.39096 0.29308
vt 0.02318 0.27281
vt 0.34392 0.12174
vt 0.34392 0.12174
vt 0.02318 0.27281
vt 0.01523 0.04760
vt 0.39096 0.29308
vt 0.66296 0.47348
vt 0.52797 0.51472
vt 0.65830 0.20320
vt 0.66296 0.47348
vt 0.39096 0.29308
vt 0.01523 0.04760
vt 0.32770 -0.00103
vt 0.34392 0.12174
vt 0.34392 0.12174
vt 0.32770 -0.00103
vt 0.65194 0.00563
vt 0.65830 0.20320
vt 0.39096 0.29308
vt 0.34392 0.12174
vt 0.65830 0.20320
vt 0.34392 0.12174
vt 0.65194 0.00563
vt 0.39096 0.29308
vt 0.52797 0.51472
vt 0.26519 0.48063
vt 0.39096 0.29308
vt 0.26519 0.48063
vt 0.02318 0.27281
vt 0.39096 0.29308
vt 0.02318 0.27281
vt 0.34392 0.12174
vt 0.34392 0.12174
vt 0.02318 0.27281
vt 0.01523 0.04760
vt 0.32281 0.81215
vt 0.65991 0.89642
vt 0.45880 1.00023
vt 0.65830 0.70320
vt 0.65991 0.89642
vt 0.32281 0.81215
vt 0.00709 0.59032
vt 0.33564 0.49821
vt 0.32866 0.61564
vt 0.32866 0.61564
vt 0.33564 0.49821
vt 0.46171 0.52776
vt 0.65830 0.70320
vt 0.32281 0.81215
vt 0.32866 0.61564
vt 0.65830 0.70320
vt 0.32866 0.61564
vt 0.46171 0.52776
vt 0.32281 0.81215
vt 0.45880 1.00023
vt 0.25502 0.97109
vt 0.32281 0.81215
vt 0.25502 0.97109
vt 0.00283 0.84606
vt 0.32281 0.81215
vt 0.00283 0.84606
vt 0.32866 0.61564
vt 0.32866 0.61564
vt 0.00283 0.84606
vt 0.00709 0.59032
vt 0.39096 0.29308
vt 0.66296 0.47348
vt 0.52797 0.51472
vt 0.65830 0.20320
vt 0.66296 0.47348
vt 0.39096 0.29308
vt 0.01523 0.04760
vt 0.32770 -0.00103
vt 0.34392 0.12174
vt 0.34392 0.12174
vt 0.32770 -0.00103
vt 0.65194 0.00563
vt 0.65830 0.20320
vt 0.39096 0.29308
vt 0.34392 0.12174
vt 0.65830 0.20320
vt 0.34392 0.12174
vt 0.65194 0.00563
vt 0.39096 0.29308
vt 0.52797 0.51472
vt 0.26519 0.48063
vt 0.39096 0.29308
vt 0.26519 0.48063
vt 0.02318 0.27281
vt 0.39096 0.29308
vt 0.02318 0.27281
vt 0.34392 0.12174
vt 0.34392 0.12174
vt 0.02318 0.27281
vt 0.01523 0.04760
vt 0.32281 0.81215
vt 0.65991 0.89642
vt 0.45880 1.00023
vt 0.65830 0.70320
vt 0.65991 0.89642
vt 0.32281 0.81215
vt 0.00709 0.59032
vt 0.33564 0.49821
vt 0.32866 0.61564
vt 0.32866 0.61564
vt 0.33564 0.49821
vt 0.46171 0.52776
vt 0.65830 0.70320
vt 0.32281 0.81215
vt 0.32866 0.61564
vt 0.65830 0.70320
vt 0.32866 0.61564
vt 0.46171 0.52776
vt 0.32281 0.81215
vt 0.45880 1.00023
vt 0.25502 0.97109
vt 0.32281 0.81215
vt 0.25502 0.97109
vt 0.00283 0.84606
vt 0.32281 0.81215
vt 0.00283 0.84606
vt 0.32866 0.61564
vt 0.32866 0.61564
vt 0.00283 0.84606
vt 0.00709 0.59032
vt 0.32281 0.81215
vt 0.65991 0.89642
vt 0.45880 1.00023
vt 0.65830 0.70320
vt 0.65991 0.89642
vt 0.32281 0.81215
vt 0.00709 0.59032
vt 0.33564 0.49821
vt 0.32866 0.61564
vt 0.32866 0.61564
vt 0.33564 0.49821
vt 0.46171 0.52776
vt 0.65830 0.70320
vt 0.32281 0.81215
vt 0.32866 0.61564
vt 0.65830 0.70320
vt 0.32866 0.61564
vt 0.46171 0.52776
vt 0.32281 0.81215
vt 0.45880 1.00023
vt 0.25502 0.97109
vt 0.32281 0.81215
vt 0.25502 0.97109
vt 0.00283 0.84606
vt 0.32281 0.81215
vt 0.00283 0.84606
vt 0.32866 0.61564
vt 0.32866 0.61564
vt 0.00283 0.84606
vt 0.00709 0.59032
vt 0.32281 0.81215
vt 0.65991 0.89642
vt 0.45880 1.00023
vt 0.65830 0.70320
vt 0.65991 0.89642
vt 0.32281 0.81215
vt 0.00709 0.59032
vt 0.33564 0.49821
vt 0.32866 0.61564
vt 0.32866 0.61564
vt 0.33564 0.49821
vt 0.46171 0.52776
vt 0.65830 0.70320
vt 0.32281 0.81215
vt 0.32866 0.61564
vt 0.65830 0.70320
vt 0.32866 0.61564
vt 0.46171 0.52776
vt 0.32281 0.81215
vt 0.45880 1.00023
vt 0.25502 0.97109
vt 0.32281 0.81215
vt 0.25502 0.97109
vt 0.00283 0.84606
vt 0.32281 0.81215
vt 0.00283 0.84606
vt 0.32866 0.61564
vt 0.32866 0.61564
vt 0.00283 0.84606
vt 0.00709 0.59032
vt 0.32281 0.81215
vt 0.65991 0.89642
vt 0.45880 1.00023
vt 0.65830 0.70320
vt 0.65991 0.89642
vt 0.32281 0.81215
vt 0.00709 0.59032
vt 0.33564 0.49821
vt 0.32866 0.61564
vt 0.32866 0.61564
vt 0.33564 0.49821
vt 0.46171 0.52776
vt 0.65830 0.70320
vt 0.32281 0.81215
vt 0.32866 0.61564
vt 0.65830 0.70320
vt 0.32866 0.61564
vt 0.46171 0.52776
vt 0.32281 0.81215
vt 0.45880 1.00023
vt 0.25502 0.97109
vt 0.32281 0.81215
vt 0.25502 0.97109
vt 0.00283 0.84606
vt 0.32281 0.81215
vt 0.00283 0.84606
vt 0.32866 0.61564
vt 0.32866 0.61564
vt 0.00283 0.84606
vt 0.00709 0.59032
vt 0.39096 0.29308
vt 0.66296 0.47348
vt 0.52797 0.51472
vt 0.65830 0.20320
vt 0.66296 0.47348
vt 0.39096 0.29308
vt 0.01523 0.04760
vt 0.32770 -0.00103
vt 0.34392 0.12174
vt 0.34392 0.12174
vt 0.32770 -0.00103
vt 0.65194 0.00563
vt 0.65830 0.20320
vt 0.39096 0.29308
vt 0.34392 0.12174
vt 0.65830 0.20320
vt 0.34392 0.12174
vt 0.65194 0.00563
vt 0.39096 0.29308
vt 0.52797 0.51472
vt 0.26519 0.48063
vt 0.39096 0.29308
vt 0.26519 0.48063
vt 0.02318 0.27281
vt 0.39096 0.29308
vt 0.02318 0.27281
vt 0.34392 0.12174
vt 0.34392 0.12174
vt 0.02318 0.27281
vt 0.01523 0.04760
vt 0.39096 0.29308
vt 0.66296 0.47348
vt 0.52797 0.51472
vt 0.65830 0.20320
vt 0.66296 0.47348
vt 0.39096 0.29308
vt 0.01523 0.04760
vt 0.32770 -0.00103
vt 0.34392 0.12174
vt 0.34392 0.12174
vt 0.32770 -0.00103
vt 0.65194 0.00563
vt 0.65830 0.20320
vt 0.39096 0.29308
vt 0.34392 0.12174
vt 0.65830 0.20320
vt 0.34392 0.12174
vt 0.65194 0.00563
vt 0.39096 0.29308
vt 0.52797 0.51472
vt 0.26519 0.48063
vt 0.39096 0.29308
vt 0.26519 0.48063
vt 0.02318 0.27281
vt 0.39096 0.29308
vt 0.02318 0.27281
vt 0.34392 0.12174
vt 0.34392 0.12174
vt 0.02318 0.27281
vt 0.01523 0.04760
vt 0.39096 0.29308
vt 0.66296 0.47348
vt 0.52797 0.51472
vt 0.65830 0.20320
vt 0.66296 0.47348
vt 0.39096 0.29308
vt 0.01523 0.04760
vt 0.32770 -0.00103
vt 0.34392 0.12174
vt 0.34392 0.12174
vt 0.32770 -0.00103
vt 0.65194 0.00563
vt 0.65830 0.20320
vt 0.39096 0.29308
vt 0.34392 0.12174
vt 0.65830 0.20320
vt 0.34392 0.12174
vt 0.65194 0.00563
vt 0.39096 0.29308
vt 0.52797 0.51472
vt 0.26519 0.48063
vt 0.39096 0.29308
vt 0.26519 0.48063
vt 0.02318 0.27281
vt 0.39096 0.29308
vt 0.02318 0.27281
vt 0.34392 0.12174
vt 0.34392 0.12174
vt 0.02318 0.27281
vt 0.01523 0.04760
vt 0.39096 0.29308
vt 0.66296 0.47348
vt 0.52797 0.51472
vt 0.65830 0.20320
vt 0.66296 0.47348
vt 0.39096 0.29308
vt 0.01523 0.04760
vt 0.32770 -0.00103
vt 0.34392 0.12174
vt 0.34392 0.12174
vt 0.32770 -0.00103
vt 0.65194 0.00563
vt 0.65830 0.20320
vt 0.39096 0.29308
vt 0.34392 0.12174
vt 0.65830 0.20320
vt 0.34392 0.12174
vt 0.65194 0.00563
vt 0.39096 0.29308
vt 0.52797 0.51472
vt 0.26519 0.48063
vt 0.39096 0.29308
vt 0.26519 0.48063
vt 0.02318 0.27281
vt 0.39096 0.29308
vt 0.02318 0.27281
vt 0.34392 0.12174
vt 0.34392 0.12174
vt 0.02318 0.27281
vt 0.01523 0.04760
vt 0.39096 0.29308
vt 0.66296 0.47348
vt 0.52797 0.51472
vt 0.65830 0.20320
vt 0.66296 0.47348
vt 0.39096 0.29308
vt 0.01523 0.04760
vt 0.32770 -0.00103
vt 0.34392 0.12174
vt 0.34392 0.12174
vt 0.32770 -0.00103
vt 0.65194 0.00563
vt 0.65830 0.20320
vt 0.39096 0.29308
vt 0.34392 0.12174
vt 0.65830 0.20320
vt 0.34392 0.12174
vt 0.65194 0.00563
vt 0.39096 0.29308
vt 0.52797 0.51472
vt 0.26519 0.48063
vt 0.39096 0.29308
vt 0.26519 0.48063
vt 0.02318 0.27281
vt 0.39096 0.29308
vt 0.02318 0.27281
vt 0.34392 0.12174
vt 0.34392 0.12174
vt 0.02318 0.27281
vt 0.01523 0.04760
vt 0.39096 0.29308
vt 0.66296 0.47348
vt 0.52797 0.51472
vt 0.65830 0.20320
vt 0.66296 0.47348
vt 0.39096 0.29308
vt 0.01523 0.04760
vt 0.32770 -0.00103
vt 0.34392 0.12174
vt 0.34392 0.12174
vt 0.32770 -0.00103
vt 0.65194 0.00563
vt 0.65830 0.20320
vt 0.39096 0.29308
vt 0.34392 0.12174
vt 0.65830 0.20320
vt 0.34392 0.12174
vt 0.65194 0.00563
vt 0.39096 0.29308
vt 0.52797 0.51472
vt 0.26519 0.48063
vt 0.39096 0.29308
vt 0.26519 0.48063
vt 0.02318 0.27281
vt 0.39096 0.29308
vt 0.02318 0.27281
vt 0.34392 0.12174
vt 0.34392 0.12174
vt 0.02318 0.27281
vt 0.01523 0.04760
vt 0.39096 0.29308
vt 0.66296 0.47348
vt 0.52797 0.51472
vt 0.65830 0.20320
vt 0.66296 0.47348
vt 0.39096 0.29308
vt 0.01523 0.04760
vt 0.32770 -0.00103
vt 0.34392 0.12174
vt 0.34392 0.12174
vt 0.32770 -0.00103
vt 0.65194 0.00563
vt 0.65830 0.20320
vt 0.39096 0.29308
vt 0.34392 0.12174
vt 0.65830 0.20320
vt 0.34392 0.12174
vt 0.65194 0.00563
vt 0.39096 0.29308
vt 0.52797 0.51472
vt 0.26519 0.48063
vt 0.39096 0.29308
vt 0.26519 0.48063
vt 0.02318 0.27281
vt 0.39096 0.29308
vt 0.02318 0.27281
vt 0.34392 0.12174
vt 0.34392 0.12174
vt 0.02318 0.27281
vt 0.01523 0.04760
vt 0.32281 0.81215
vt 0.65991 0.89642
vt 0.45880 1.00023
vt 0.65830 0.70320
vt 0.65991 0.89642
vt 0.32281 0.81215
vt 0.00709 0.59032
vt 0.33564 0.49821
vt 0.32866 0.61564
vt 0.32866 0.61564
vt 0.33564 0.49821
vt 0.46171 0.52776
vt 0.65830 0.70320
vt 0.32281 0.81215
vt 0.32866 0.61564
vt 0.65830 0.70320
vt 0.32866 0.61564
vt 0.46171 0.52776
vt 0.32281 0.81215
vt 0.45880 1.00023
vt 0.25502 0.97109
vt 0.32281 0.81215
vt 0.25502 0.97109
vt 0.00283 0.84606
vt 0.32281 0.81215
vt 0.00283 0.84606
vt 0.32866 0.61564
vt 0.32866 0.61564
vt 0.00283 0.84606
vt 0.00709 0.59032
vt 0.32281 0.81215
vt 0.65991 0.89642
vt 0.45880 1.00023
vt 0.65830 0.70320
vt 0.65991 0.89642
vt 0.32281 0.81215
vt 0.00709 0.59032
vt 0.33564 0.49821
vt 0.32866 0.61564
vt 0.32866 0.61564
vt 0.33564 0.49821
vt 0.46171 0.52776
vt 0.65830 0.70320
vt 0.32281 0.81215
vt 0.32866 0.61564
vt 0.65830 0.70320
vt 0.32866 0.61564
vt 0.46171 0.52776
vt 0.32281 0.81215
vt 0.45880 1.00023
vt 0.25502 0.97109
vt 0.32281 0.81215
vt 0.25502 0.97109
vt 0.00283 0.84606
vt 0.32281 0.81215
vt 0.00283 0.84606
vt 0.32866 0.61564
vt 0.32866 0.61564
vt 0.00283 0.84606
vt 0.00709 0.59032
vt 0.39096 0.29308
vt 0.66296 0.47348
vt 0.52797 0.51472
vt 0.65830 0.20320
vt 0.66296 0.47348
vt 0.39096 0.29308
vt 0.01523 0.04760
vt 0.32770 -0.00103
vt 0.34392 0.12174
vt 0.34392 0.12174
vt 0.32770 -0.00103
vt 0.65194 0.00563
vt 0.65830 0.20320
vt 0.39096 0.29308
vt 0.34392 0.12174
vt 0.65830 0.20320
vt 0.34392 0.12174
vt 0.65194 0.00563
vt 0.39096 0.29308
vt 0.52797 0.51472
vt 0.26519 0.48063
vt 0.39096 0.29308
vt 0.26519 0.48063
vt 0.02318 0.27281
vt 0.39096 0.29308
vt 0.02318 0.27281
vt 0.34392 0.12174
vt 0.34392 0.12174
vt 0.02318 0.27281
vt 0.01523 0.04760
vt 0.39096 0.29308
vt 0.66296 0.47348
vt 0.52797 0.51472
vt 0.65830 0.20320
vt 0.66296 0.47348
vt 0.39096 0.29308
vt 0.01523 0.04760
vt 0.32770 -0.00103
vt 0.34392 0.12174
vt 0.34392 0.12174
vt 0.32770 -0.00103
vt 0.65194 0.00563
vt 0.65830 0.20320
vt 0.39096 0.29308
vt 0.34392 0.12174
vt 0.65830 0.20320
vt 0.34392 0.12174
vt 0.65194 0.00563
vt 0.39096 0.29308
vt 0.52797 0.51472
vt 0.26519 0.48063
vt 0.39096 0.29308
vt 0.26519 0.48063
vt 0.02318 0.27281
vt 0.39096 0.29308
vt 0.02318 0.27281
vt 0.34392 0.12174
vt 0.34392 0.12174
vt 0.02318 0.27281
vt 0.01523 0.04760
vt 0.39096 0.29308
vt 0.66296 0.47348
vt 0.52797 0.51472
vt 0.65830 0.20320
vt 0.66296 0.47348
vt 0.39096 0.29308
vt 0.01523 0.04760
vt 0.32770 -0.00103
vt 0.34392 0.12174
vt 0.34392 0.12174
vt 0.32770 -0.00103
vt 0.65194 0.00563
vt 0.65830 0.20320
vt 0.39096 0.29308
vt 0.34392 0.12174
vt 0.65830 0.20320
vt 0.34392 0.12174
vt 0.65194 0.00563
vt 0.39096 0.29308
vt 0.52797 0.51472
vt 0.26519 0.48063
vt 0.39096 0.29308
vt 0.26519 0.48063
vt 0.02318 0.27281
vt 0.39096 0.29308
vt 0.02318 0.27281
vt 0.34392 0.12174
vt 0.34392 0.12174
vt 0.02318 0.27281
vt 0.01523 0.04760
vt 0.39096 0.29308
vt 0.66296 0.47348
vt 0.52797 0.51472
vt 0.65830 0.20320
vt 0.66296 0.47348
vt 0.39096 0.29308
vt 0.01523 0.04760
vt 0.32770 -0.00103
vt 0.34392 0.12174
vt 0.34392 0.12174
vt 0.32770 -0.00103
vt 0.65194 0.00563
vt 0.65830 0.20320
vt 0.39096 0.29308
vt 0.34392 0.12174
vt 0.65830 0.20320
vt 0.34392 0.12174
vt 0.65194 0.00563
vt 0.39096 0.29308
vt 0.52797 0.51472
vt 0.26519 0.48063
vt 0.39096 0.29308
vt 0.26519 0.48063
vt 0.02318 0.27281
vt 0.39096 0.29308
vt 0.02318 0.27281
vt 0.34392 0.12174
vt 0.34392 0.12174
vt 0.02318 0.27281
vt 0.01523 0.04760
vt 0.39096 0.29308
vt 0.66296 0.47348
vt 0.52797 0.51472
vt 0.65830 0.20320
vt 0.66296 0.47348
vt 0.39096 0.29308
vt 0.01523 0.04760
vt 0.32770 -0.00103
vt 0.34392 0.12174
vt 0.34392 0.12174
vt 0.32770 -0.00103
vt 0.65194 0.00563
vt 0.65830 0.20320
vt 0.39096 0.29308
vt 0.34392 0.12174
vt 0.65830 0.20320
vt 0.34392 0.12174
vt 0.65194 0.00563
vt 0.39096 0.29308
vt 0.52797 0.51472
vt 0.26519 0.48063
vt 0.39096 0.29308
vt 0.26519 0.48063
vt 0.02318 0.27281
vt 0.39096 0.29308
vt 0.02318 0.27281
vt 0.34392 0.12174
vt 0.34392 0.12174
vt 0.02318 0.27281
vt 0.01523 0.04760
vt 0.39096 0.29308
vt 0.66296 0.47348
vt 0.52797 0.51472
vt 0.65830 0.20320
vt 0.66296 0.47348
vt 0.39096 0.29308
vt 0.01523 0.04760
vt 0.32770 -0.00103
vt 0.34392 0.12174
vt 0.34392 0.12174
vt 0.32770 -0.00103
vt 0.65194 0.00563
vt 0.65830 0.20320
vt 0.39096 0.29308
vt 0.34392 0.12174
vt 0.65830 0.20320
vt 0.34392 0.12174
vt 0.65194 0.00563
vt 0.39096 0.29308
vt 0.52797 0.51472
vt 0.26519 0.48063
vt 0.39096 0.29308
vt 0.26519 0.48063
vt 0.02318 0.27281
vt 0.39096 0.29308
vt 0.02318 0.27281
vt 0.34392 0.12174
vt 0.34392 0.12174
vt 0.02318 0.27281
vt 0.01523 0.04760
vt 0.39096 0.29308
vt 0.66296 0.47348
vt 0.52797 0.51472
vt 0.65830 0.20320
vt 0.66296 0.47348
vt 0.39096 0.29308
vt 0.01523 0.04760
vt 0.32770 -0.00103
vt 0.34392 0.12174
vt 0.34392 0.12174
vt 0.32770 -0.00103
vt 0.65194 0.00563
vt 0.65830 0.20320
vt 0.39096 0.29308
vt 0.34392 0.12174
vt 0.65830 0.20320
vt 0.34392 0.12174
vt 0.65194 0.00563
vt 0.39096 0.29308
vt 0.52797 0.51472
vt 0.26519 0.48063
vt 0.39096 0.29308
vt 0.26519 0.48063
vt 0.02318 0.27281
vt 0.39096 0.29308
vt 0.02318 0.27281
vt 0.34392 0.12174
vt 0.34392 0.12174
vt 0.02318 0.27281
vt 0.01523 0.04760
vt 0.32281 0.81215
vt 0.65991 0.89642
vt 0.45880 1.00023
vt 0.65830 0.70320
vt 0.65991 0.89642
vt 0.32281 0.81215
vt 0.00709 0.59032
vt 0.33564 0.49821
vt 0.32866 0.61564
vt 0.32866 0.61564
vt 0.33564 0.49821
vt 0.46171 0.52776
vt 0.65830 0.70320
vt 0.32281 0.81215
vt 0.32866 0.61564
vt 0.65830 0.70320
vt 0.32866 0.61564
vt 0.46171 0.52776
vt 0.32281 0.81215
vt 0.45880 1.00023
vt 0.25502 0.97109
vt 0.32281 0.81215
vt 0.25502 0.97109
vt 0.00283 0.84606
vt 0.32281 0.81215
vt 0.00283 0.84606
vt 0.32866 0.61564
vt 0.32866 0.61564
vt 0.00283 0.84606
vt 0.00709 0.59032
vt 0.39096 0.29308
vt 0.66296 0.47348
vt 0.52797 0.51472
vt 0.65830 0.20320
vt 0.66296 0.47348
vt 0.39096 0.29308
vt 0.01523 0.04760
vt 0.32770 -0.00103
vt 0.34392 0.12174
vt 0.34392 0.12174
vt 0.32770 -0.00103
vt 0.65194 0.00563
vt 0.65830 0.20320
vt 0.39096 0.29308
vt 0.34392 0.12174
vt 0.65830 0.20320
vt 0.34392 0.12174
vt 0.65194 0.00563
vt 0.39096 0.29308
vt 0.52797 0.51472
vt 0.26519 0.48063
vt 0.39096 0.29308
vt 0.26519 0.48063
vt 0.02318 0.27281
vt 0.39096 0.29308
vt 0.02318 0.27281
vt 0.34392 0.12174
vt 0.34392 0.12174
vt 0.02318 0.27281
vt 0.01523 0.04760
vt 0.39096 0.29308
vt 0.66296 0.47348
vt 0.52797 0.51472
vt 0.65830 0.20320
vt 0.66296 0.47348
vt 0.39096 0.29308
vt 0.01523 0.04760
vt 0.32770 -0.00103
vt 0.34392 0.12174
vt 0.34392 0.12174
vt 0.32770 -0.00103
vt 0.65194 0.00563
vt 0.65830 0.20320
vt 0.39096 0.29308
vt 0.34392 0.12174
vt 0.65830 0.20320
vt 0.34392 0.12174
vt 0.65194 0.00563
vt 0.39096 0.29308
vt 0.52797 0.51472
vt 0.26519 0.48063
vt 0.39096 0.29308
vt 0.26519 0.48063
vt 0.02318 0.27281
vt 0.39096 0.29308
vt 0.02318 0.27281
vt 0.34392 0.12174
vt 0.34392 0.12174
vt 0.02318 0.27281
vt 0.01523 0.04760
vt 0.39096 0.29308
vt 0.66296 0.47348
vt 0.52797 0.51472
vt 0.65830 0.20320
vt 0.66296 0.47348
vt 0.39096 0.29308
vt 0.01523 0.04760
vt 0.32770 -0.00103
vt 0.34392 0.12174
vt 0.34392 0.12174
vt 0.32770 -0.00103
vt 0.65194 0.00563
vt 0.65830 0.20320
vt 0.39096 0.29308
vt 0.34392 0.12174
vt 0.65830 0.20320
vt 0.34392 0.12174
vt 0.65194 0.00563
vt 0.39096 0.29308
vt 0.52797 0.51472
vt 0.26519 0.48063
vt 0.39096 0.29308
vt 0.26519 0.48063
vt 0.02318 0.27281
vt 0.39096 0.29308
vt 0.02318 0.27281
vt 0.34392 0.12174
vt 0.34392 0.12174
vt 0.02318 0.27281
vt 0.01523 0.04760
vt 0.39096 0.29308
vt 0.66296 0.47348
vt 0.52797 0.51472
vt 0.65830 0.20320
vt 0.66296 0.47348
vt 0.39096 0.29308
vt 0.01523 0.04760
vt 0.32770 -0.00103
vt 0.34392 0.12174
vt 0.34392 0.12174
vt 0.32770 -0.00103
vt 0.65194 0.00563
vt 0.65830 0.20320
vt 0.39096 0.29308
vt 0.34392 0.12174
vt 0.65830 0.20320
vt 0.34392 0.12174
vt 0.65194 0.00563
vt 0.39096 0.29308
vt 0.52797 0.51472
vt 0.26519 0.48063
vt 0.39096 0.29308
vt 0.26519 0.48063
vt 0.02318 0.27281
vt 0.39096 0.29308
vt 0.02318 0.27281
vt 0.34392 0.12174
vt 0.34392 0.12174
vt 0.02318 0.27281
vt 0.01523 0.04760
vt 0.39096 0.29308
vt 0.66296 0.47348
vt 0.52797 0.51472
vt 0.65830 0.20320
vt 0.66296 0.47348
vt 0.39096 0.29308
vt 0.01523 0.04760
vt 0.32770 -0.00103
vt 0.34392 0.12174
vt 0.34392 0.12174
vt 0.32770 -0.00103
vt 0.65194 0.00563
vt 0.65830 0.20320
vt 0.39096 0.29308
vt 0.34392 0.12174
vt 0.65830 0.20320
vt 0.34392 0.12174
vt 0.65194 0.00563
vt 0.39096 0.29308
vt 0.52797 0.51472
vt 0.26519 0.48063
vt 0.39096 0.29308
vt 0.26519 0.48063
vt 0.02318 0.27281
vt 0.39096 0.29308
vt 0.02318 0.27281
vt 0.34392 0.12174
vt 0.34392 0.12174
vt 0.02318 0.27281
vt 0.01523 0.04760
vt 0.32281 0.81215
vt 0.65991 0.89642
vt 0.45880 1.00023
vt 0.65830 0.70320
vt 0.65991 0.89642
vt 0.32281 0.81215
vt 0.00709 0.59032
vt 0.33564 0.49821
vt 0.32866 0.61564
vt 0.32866 0.61564
vt 0.33564 0.49821
vt 0.46171 0.52776
vt 0.65830 0.70320
vt 0.32281 0.81215
vt 0.32866 0.61564
vt 0.65830 0.70320
vt 0.32866 0.61564
vt 0.46171 0.52776
vt 0.32281 0.81215
vt 0.45880 1.00023
vt 0.25502 0.97109
vt 0.32281 0.81215
vt 0.25502 0.97109
vt 0.00283 0.84606
vt 0.32281 0.81215
vt 0.00283 0.84606
vt 0.32866 0.61564
vt 0.32866 0.61564
vt 0.00283 0.84606
vt 0.00709 0.59032
vt 0.39096 0.29308
vt 0.66296 0.47348
vt 0.52797 0.51472
vt 0.65830 0.20320
vt 0.66296 0.47348
vt 0.39096 0.29308
vt 0.01523 0.04760
vt 0.32770 -0.00103
vt 0.34392 0.12174
vt 0.34392 0.12174
vt 0.32770 -0.00103
vt 0.65194 0.00563
vt 0.65830 0.20320
vt 0.39096 0.29308
vt 0.34392 0.12174
vt 0.65830 0.20320
vt 0.34392 0.12174
vt 0.65194 0.00563
vt 0.39096 0.29308
vt 0.52797 0.51472
vt 0.26519 0.48063
vt 0.39096 0.29308
vt 0.26519 0.48063
vt 0.02318 0.27281
vt 0.39096 0.29308
vt 0.02318 0.27281
vt 0.34392 0.12174
vt 0.34392 0.12174
vt 0.02318 0.27281
vt 0.01523 0.04760
vt 0.39096 0.29308
vt 0.66296 0.47348
vt 0.52797 0.51472
vt 0.65830 0.20320
vt 0.66296 0.47348
vt 0.39096 0.29308
vt 0.01523 0.04760
vt 0.32770 -0.00103
vt 0.34392 0.12174
vt 0.34392 0.12174
vt 0.32770 -0.00103
vt 0.65194 0.00563
vt 0.65830 0.20320
vt 0.39096 0.29308
vt 0.34392 0.12174
vt 0.65830 0.20320
vt 0.34392 0.12174
vt 0.65194 0.00563
vt 0.39096 0.29308
vt 0.52797 0.51472
vt 0.26519 0.48063
vt 0.39096 0.29308
vt 0.26519 0.48063
vt 0.02318 0.27281
vt 0.39096 0.29308
vt 0.02318 0.27281
vt 0.34392 0.12174
vt 0.34392 0.12174
vt 0.02318 0.27281
vt 0.01523 0.04760
vt 0.39096 0.29308
vt 0.66296 0.47348
vt 0.52797 0.51472
vt 0.65830 0.20320
vt 0.66296 0.47348
vt 0.39096 0.29308
vt 0.01523 0.04760
vt 0.32770 -0.00103
vt 0.34392 0.12174
vt 0.34392 0.12174
vt 0.32770 -0.00103
vt 0.65194 0.00563
vt 0.65830 0.20320
vt 0.39096 0.29308
vt 0.34392 0.12174
vt 0.65830 0.20320
vt 0.34392 0.12174
vt 0.65194 0.00563
vt 0.39096 0.29308
vt 0.52797 0.51472
vt 0.26519 0.48063
vt 0.39096 0.29308
vt 0.26519 0.48063
vt 0.02318 0.27281
vt 0.39096 0.29308
vt 0.02318 0.27281
vt 0.34392 0.12174
vt 0.34392 0.12174
vt 0.02318 0.27281
vt 0.01523 0.04760
vt 0.39096 0.29308
vt 0.66296 0.47348
vt 0.52797 0.51472
vt 0.65830 0.20320
vt 0.66296 0.47348
vt 0.39096 0.29308
vt 0.01523 0.04760
vt 0.32770 -0.00103
vt 0.34392 0.12174
vt 0.34392 0.12174
vt 0.32770 -0.00103
vt 0.65194 0.00563
vt 0.65830 0.20320
vt 0.39096 0.29308
vt 0.34392 0.12174
vt 0.65830 0.20320
vt 0.34392 0.12174
vt 0.65194 0.00563
vt 0.39096 0.29308
vt 0.52797 0.51472
vt 0.26519 0.48063
vt 0.39096 0.29308
vt 0.26519 0.48063
vt 0.02318 0.27281
vt 0.39096 0.29308
vt 0.02318 0.27281
vt 0.34392 0.12174
vt 0.34392 0.12174
vt 0.02318 0.27281
vt 0.01523 0.04760
vt 0.39096 0.29308
vt 0.66296 0.47348
vt 0.52797 0.51472
vt 0.65830 0.20320
vt 0.66296 0.47348
vt 0.39096 0.29308
vt 0.01523 0.04760
vt 0.32770 -0.00103
vt 0.34392 0.12174
vt 0.34392 0.12174
vt 0.32770 -0.00103
vt 0.65194 0.00563
vt 0.65830 0.20320
vt 0.39096 0.29308
vt 0.34392 0.12174
vt 0.65830 0.20320
vt 0.34392 0.12174
vt 0.65194 0.00563
vt 0.39096 0.29308
vt 0.52797 0.51472
vt 0.26519 0.48063
vt 0.39096 0.29308
vt 0.26519 0.48063
vt 0.02318 0.27281
vt 0.39096 0.29308
vt 0.02318 0.27281
vt 0.34392 0.12174
vt 0.34392 0.12174
vt 0.02318 0.27281
vt 0.01523 0.04760
vt 0.39096 0.29308
vt 0.66296 0.47348
vt 0.52797 0.51472
vt 0.65830 0.20320
vt 0.66296 0.47348
vt 0.39096 0.29308
vt 0.01523 0.04760
vt 0.32770 -0.00103
vt 0.34392 0.12174
vt 0.34392 0.12174
vt 0.32770 -0.00103
vt 0.65194 0.00563
vt 0.65830 0.20320
vt 0.39096 0.29308
vt 0.34392 0.12174
vt 0.65830 0.20320
vt 0.34392 0.12174
vt 0.65194 0.00563
vt 0.39096 0.29308
vt 0.52797 0.51472
vt 0.26519 0.48063
vt 0.39096 0.29308
vt 0.26519 0.48063
vt 0.02318 0.27281
vt 0.39096 0.29308
vt 0.02318 0.27281
vt 0.34392 0.12174
vt 0.34392 0.12174
vt 0.02318 0.27281
vt 0.01523 0.04760
vt 0.39096 0.29308
vt 0.66296 0.47348
vt 0.52797 0.51472
vt 0.65830 0.20320
vt 0.66296 0.47348
vt 0.39096 0.29308
vt 0.01523 0.04760
vt 0.32770 -0.00103
vt 0.34392 0.12174
vt 0.34392 0.12174
vt 0.32770 -0.00103
vt 0.65194 0.00563
vt 0.65830 0.20320
vt 0.39096 0.29308
vt 0.34392 0.12174
vt 0.65830 0.20320
vt 0.34392 0.12174
vt 0.65194 0.00563
vt 0.39096 0.29308
vt 0.52797 0.51472
vt 0.26519 0.48063
vt 0.39096 0.29308
vt 0.26519 0.48063
vt 0.02318 0.27281
vt 0.39096 0.29308
vt 0.02318 0.27281
vt 0.34392 0.12174
vt 0.34392 0.12174
vt 0.02318 0.27281
vt 0.01523 0.04760
vt 0.39096 0.29308
vt 0.66296 0.47348
vt 0.52797 0.51472
vt 0.65830 0.20320
vt 0.66296 0.47348
vt 0.39096 0.29308
vt 0.01523 0.04760
vt 0.32770 -0.00103
vt 0.34392 0.12174
vt 0.34392 0.12174
vt 0.32770 -0.00103
vt 0.65194 0.00563
vt 0.65830 0.20320
vt 0.39096 0.29308
vt 0.34392 0.12174
vt 0.65830 0.20320
vt 0.34392 0.12174
vt 0.65194 0.00563
vt 0.39096 0.29308
vt 0.52797 0.51472
vt 0.26519 0.48063
vt 0.39096 0.29308
vt 0.26519 0.48063
vt 0.02318 0.27281
vt 0.39096 0.29308
vt 0.02318 0.27281
vt 0.34392 0.12174
vt 0.34392 0.12174
vt 0.02318 0.27281
vt 0.01523 0.04760
vt 0.39096 0.29308
vt 0.66296 0.47348
vt 0.52797 0.51472
vt 0.65830 0.20320
vt 0.66296 0.47348
vt 0.39096 0.29308
vt 0.01523 0.04760
vt 0.32770 -0.00103
vt 0.34392 0.12174
vt 0.34392 0.12174
vt 0.32770 -0.00103
vt 0.65194 0.00563
vt 0.65830 0.20320
vt 0.39096 0.29308
vt 0.34392 0.12174
vt 0.65830 0.20320
vt 0.34392 0.12174
vt 0.65194 0.00563
vt 0.39096 0.29308
vt 0.52797 0.51472
vt 0.26519 0.48063
vt 0.39096 0.29308
vt 0.26519 0.48063
vt 0.02318 0.27281
vt 0.39096 0.29308
vt 0.02318 0.27281
vt 0.34392 0.12174
vt 0.34392 0.12174
vt 0.02318 0.27281
vt 0.01523 0.04760
vt 0.32281 0.81215
vt 0.65991 0.89642
vt 0.45880 1.00023
vt 0.65830 0.70320
vt 0.65991 0.89642
vt 0.32281 0.81215
vt 0.00709 0.59032
vt 0.33564 0.49821
vt 0.32866 0.61564
vt 0.32866 0.61564
vt 0.33564 0.49821
vt 0.46171 0.52776
vt 0.65830 0.70320
vt 0.32281 0.81215
vt 0.32866 0.61564
vt 0.65830 0.70320
vt 0.32866 0.61564
vt 0.46171 0.52776
vt 0.32281 0.81215
vt 0.45880 1.00023
vt 0.25502 0.97109
vt 0.32281 0.81215
vt 0.25502 0.97109
vt 0.00283 0.84606
vt 0.32281 0.81215
vt 0.00283 0.84606
vt 0.32866 0.61564
vt 0.32866 0.61564
vt 0.00283 0.84606
vt 0.00709 0.59032
vt 0.39096 0.29308
vt 0.66296 0.47348
vt 0.52797 0.51472
vt 0.65830 0.20320
vt 0.66296 0.47348
vt 0.39096 0.29308
vt 0.01523 0.04760
vt 0.32770 -0.00103
vt 0.34392 0.12174
vt 0.34392 0.12174
vt 0.32770 -0.00103
vt 0.65194 0.00563
vt 0.65830 0.20320
vt 0.39096 0.29308
vt 0.34392 0.12174
vt 0.65830 0.20320
vt 0.34392 0.12174
vt 0.65194 0.00563
vt 0.39096 0.29308
vt 0.52797 0.51472
vt 0.26519 0.48063
vt 0.39096 0.29308
vt 0.26519 0.48063
vt 0.02318 0.27281
vt 0.39096 0.29308
vt 0.02318 0.27281
vt 0.34392 0.12174
vt 0.34392 0.12174
vt 0.02318 0.27281
vt 0.01523 0.04760
vt 0.39096 0.29308
vt 0.66296 0.47348
vt 0.52797 0.51472
vt 0.65830 0.20320
vt 0.66296 0.47348
vt 0.39096 0.29308
vt 0.01523 0.04760
vt 0.32770 -0.00103
vt 0.34392 0.12174
vt 0.34392 0.12174
vt 0.32770 -0.00103
vt 0.65194 0.00563
vt 0.65830 0.20320
vt 0.39096 0.29308
vt 0.34392 0.12174
vt 0.65830 0.20320
vt 0.34392 0.12174
vt 0.65194 0.00563
vt 0.39096 0.29308
vt 0.52797 0.51472
vt 0.26519 0.48063
vt 0.39096 0.29308
vt 0.26519 0.48063
vt 0.02318 0.27281
vt 0.39096 0.29308
vt 0.02318 0.27281
vt 0.34392 0.12174
vt 0.34392 0.12174
vt 0.02318 0.27281
vt 0.01523 0.04760
vt 0.39096 0.29308
vt 0.66296 0.47348
vt 0.52797 0.51472
vt 0.65830 0.20320
vt 0.66296 0.47348
vt 0.39096 0.29308
vt 0.01523 0.04760
vt 0.32770 -0.00103
vt 0.34392 0.12174
vt 0.34392 0.12174
vt 0.32770 -0.00103
vt 0.65194 0.00563
vt 0.65830 0.20320
vt 0.39096 0.29308
vt 0.34392 0.12174
vt 0.65830 0.20320
vt 0.34392 0.12174
vt 0.65194 0.00563
vt 0.39096 0.29308
vt 0.52797 0.51472
vt 0.26519 0.48063
vt 0.39096 0.29308
vt 0.26519 0.48063
vt 0.02318 0.27281
vt 0.39096 0.29308
vt 0.02318 0.27281
vt 0.34392 0.12174
vt 0.34392 0.12174
vt 0.02318 0.27281
vt 0.01523 0.04760
f 4/1 5/2 13/3 12/4
f 7/5 8/6 16/7 15/8
f 3/9 4/10 12/11 11/12
f 6/13 7/14 15/15 14/16
f 2/17 3/18 11/19 10/20
f 5/21 6/22 14/23 13/24
f 8/25 1/26 9/27 16/28
f 1/29 2/30 10/31 9/32
f 11/33 12/34 20/35 19/36
f 14/37 15/38 23/39 22/40
f 10/41 11/42 19/43 18/44
f 13/45 14/46 22/47 21/48
f 16/49 9/50 17/51 24/52
f 9/53 10/54 18/55 17/56
f 12/57 13/58 21/59 20/60
f 15/61 16/62 24/63 23/64
f 20/65 21/66 29/67 28/68
f 23/69 24/70 32/71 31/72
f 19/73 20/74 28/75 27/76
f 22/77 23/78 31/79 30/80
f 18/81 19/82 27/83 26/84
f 21/85 22/86 30/87 29/88
f 24/89 17/90 25/91 32/92
f 17/93 18/94 26/95 25/96
f 29/97 30/98 38/99 37/100
f 32/101 25/102 33/103 40/104
f 25/105 26/106 34/107 33/108
f 28/109 29/110 37/111 36/112
f 31/113 32/114 40/115 39/116
f 27/117 28/118 36/119 35/120
f 30/121 31/122 39/123 38/124
f 26/125 27/126 35/127 34/128
f 38/129 39/130 47/131 46/132
f 34/133 35/134 43/135 42/136
f 37/137 38/138 46/139 45/140
f 40/141 33/142 41/143 48/144
f 33/145 34/146 42/147 41/148
f 36/149 37/150 45/151 44/152
f 39/153 40/154 48/155 47/156
f 35/157 36/158 44/159 43/160
f 47/161 48/162 56/163 55/164
f 43/165 44/166 52/167 51/168
f 46/169 47/170 55/171 54/172
f 42/173 43/174 51/175 50/176
f 45/177 46/178 54/179 53/180
f 48/181 41/182 49/183 56/184
f 41/185 42/186 50/187 49/188
f 44/189 45/190 53/191 52/192
f 56/193 49/194 57/195 64/196
f 49/197 50/198 58/199 57/200
f 52/201 53/202 61/203 60/204
f 55/205 56/206 64/207 63/208
f 51/209 52/210 60/211 59/212
f 54/213 55/214 63/215 62/216
f 50/217 51/218 59/219 58/220
f 53/221 54/222 62/223 61/224
f 58/225 59/226 67/227 66/228
f 61/229 62/230 70/231 69/232
f 64/233 57/234 65/235 72/236
f 57/237 58/238 66/239 65/240
f 60/241 61/242 69/243 68/244
f 63/245 64/246 72/247 71/248
f 59/249 60/250 68/251 67/252
f 62/253 63/254 71/255 70/256
f 67/257 68/258 76/259 75/260
f 70/261 71/262 79/263 78/264
f 66/265 67/266 75/267 74/268
f 69/269 70/270 78/271 77/272
f 72/273 65/274 73/275 80/276
f 65/277 66/278 74/279 73/280
f 68/281 69/282 77/283 76/284
f 71/285 72/286 80/287 79/288
f 76/289 77/290 85/291 84/292
f 79/293 80/294 88/295 87/296
f 75/297 76/298 84/299 83/300
f 78/301 79/302 87/303 86/304
f 74/305 75/306 83/307 82/308
f 77/309 78/310 86/311 85/312
f 80/313 73/314 81/315 88/316
f 73/317 74/318 82/319 81/320
f 82/321 83/322 84/323 85/324 86/325 87/326 88/327 81/328
f 90/329 91/330 97/331 96/332
f 93/333 94/334 100/335 99/336
f 89/337 90/338 96/339 95/340
f 92/341 93/342 99/343 98/344
f 91/345 92/346 98/347 97/348
f 94/349 89/350 95/351 100/352
f 100/353 95/354 101/355 106/356
f 96/357 97/358 103/359 102/360
f 99/361 100/362 106/363 105/364
f 95/365 96/366 102/367 101/368
f 98/369 99/370 105/371 104/372
f 97/373 98/374 104/375 103/376
f 101/377 102/378 108/379 107/380
f 104/381 105/382 111/383 110/384
f 103/385 104/386 110/387 109/388
f 106/389 101/390 107/391 112/392
f 102/393 103/394 109/395 108/396
f 105/397 106/398 112/399 111/400
f 112/401 107/402 113/403 118/404
f 108/405 109/406 115/407 114/408
f 111/409 112/410 118/411 117/412
f 107/413 108/414 114/415 113/416
f 110/417 111/418 117/419 116/420
f 109/421 110/422 116/423 115/424
f 114/425 115/426 116/427 117/428 118/429 113/430
f 124/431 119/432 125/433 130/434
f 120/435 121/436 127/437 126/438
f 123/439 124/440 130/441 129/442
f 119/443 120/444 126/445 125/446
f 122/447 123/448 129/449 128/450
f 121/451 122/452 128/453 127/454
f 125/455 126/456 132/457 131/458
f 128/459 129/460 135/461 134/462
f 127/463 128/464 134/465 133/466
f 130/467 125/468 131/469 136/470
f 126/471 127/472 133/473 132/474
f 129/475 130/476 136/477 135/478
f 136/479 131/480 137/481 142/482
f 132/483 133/484 139/485 138/486
f 135/487 136/488 142/489 141/490
f 131/491 132/492 138/493 137/494
f 134/495 135/496 141/497 140/498
f 133/499 134/500 140/501 139/502
f 138/503 139/504 140/505 141/506 142/507 137/508
f 148/509 143/510 149/511 154/512
f 144/513 145/514 151/515 150/516
f 147/517 148/518 154/519 153/520
f 143/521 144/522 150/523 149/524
f 146/525 147/526 153/527 152/528
f 145/529 146/530 152/531 151/532
f 149/533 150/534 156/535 155/536
f 152/537 153/538 159/539 158/540
f 151/541 152/542 158/543 157/544
f 154/545 149/546 155/547 160/548
f 150/549 151/550 157/551 156/552
f 153/553 154/554 160/555 159/556
f 160/557 155/558 161/559 166/560
f 156/561 157/562 163/563 162/564
f 159/565 160/566 166/567 165/568
f 155/569 156/570 162/571 161/572
f 158/573 159/574 165/575 164/576
f 157/577 158/578 164/579 163/580
f 162/581 163/582 164/583 165/584 166/585 161/586
f 172/587 167/588 173/589 178/590
f 168/591 169/592 175/593 174/594
f 171/595 172/596 178/597 177/598
f 167/599 168/600 174/601 173/602
f 170/603 171/604 177/605 176/606
f 169/607 170/608 176/609 175/610
f 173/611 174/612 180/613 179/614
f 176/615 177/616 183/617 182/618
f 175/619 176/620 182/621 181/622
f 178/623 173/624 179/625 184/626
f 174/627 175/628 181/629 180/630
f 177/631 178/632 184/633 183/634
f 184/635 179/636 185/637 190/638
f 180/639 181/640 187/641 186/642
f 183/643 184/644 190/645 189/646
f 179/647 180/648 186/649 185/650
f 182/651 183/652 189/653 188/654
f 181/655 182/656 188/657 187/658
f 186/659 187/660 188/661 189/662 190/663 185/664
f 193/665 198/666 199/667
f 191/668 198/669 193/670
f 196/671 197/672 194/673
f 194/674 197/675 192/676
f 191/677 193/678 194/679
f 191/680 194/681 192/682
f 193/683 199/684 200/685
f 193/686 200/687 195/688
f 193/689 195/690 194/691
f 194/692 195/693 196/694
f 203/695 208/696 209/697
f 201/698 208/699 203/700
f 206/701 207/702 204/703
f 204/704 207/705 202/706
f 201/707 203/708 204/709
f 201/710 204/711 202/712
f 203/713 209/714 210/715
f 203/716 210/717 205/718
f 203/719 205/720 204/721
f 204/722 205/723 206/724
f 213/725 218/726 219/727
f 211/728 218/729 213/730
f 216/731 217/732 214/733
f 214/734 217/735 212/736
f 211/737 213/738 214/739
f 211/740 214/741 212/742
f 213/743 219/744 220/745
f 213/746 220/747 215/748
f 213/749 215/750 214/751
f 214/752 215/753 216/754
f 223/755 228/756 229/757
f 221/758 228/759 223/760
f 226/761 227/762 224/763
f 224/764 227/765 222/766
f 221/767 223/768 224/769
f 221/770 224/771 222/772
f 223/773 229/774 230/775
f 223/776 230/777 225/778
f 223/779 225/780 224/781
f 224/782 225/783 226/784
f 233/785 238/786 239/787
f 231/788 238/789 233/790
f 236/791 237/792 234/793
f 234/794 237/795 232/796
f 231/797 233/798 234/799
f 231/800 234/801 232/802
f 233/803 239/804 240/805
f 233/806 240/807 235/808
f 233/809 235/810 234/811
f 234/812 235/813 236/814
f 243/815 248/816 249/817
f 241/818 248/819 243/820
f 246/821 247/822 244/823
f 244/824 247/825 242/826
f 241/827 243/828 244/829
f 241/830 244/831 242/832
f 243/833 249/834 250/835
f 243/836 250/837 245/838
f 243/839 245/840 244/841
f 244/842 245/843 246/844
f 253/845 258/846 259/847
f 251/848 258/849 253/850
f 256/851 257/852 254/853
f 254/854 257/855 252/856
f 251/857 253/858 254/859
f 251/860 254/861 252/862
f 253/863 259/864 260/865
f 253/866 260/867 255/868
f 253/869 255/870 254/871
f 254/872 255/873 256/874
f 263/875 268/876 269/877
f 261/878 268/879 263/880
f 266/881 267/882 264/883
f 264/884 267/885 262/886
f 261/887 263/888 264/889
f 261/890 264/891 262/892
f 263/893 269/894 270/895
f 263/896 270/897 265/898
f 263/899 265/900 264/901
f 264/902 265/903 266/904
f 273/905 278/906 279/907
f 271/908 278/909 273/910
f 276/911 277/912 274/913
f 274/914 277/915 272/916
f 271/917 273/918 274/919
f 271/920 274/921 272/922
f 273/923 279/924 280/925
f 273/926 280/927 275/928
f 273/929 275/930 274/931
f 274/932 275/933 276/934
f 283/935 288/936 289/937
f 281/938 288/939 283/940
f 286/941 287/942 284/943
f 284/944 287/945 282/946
f 281/947 283/948 284/949
f 281/950 284/951 282/952
f 283/953 289/954 290/955
f 283/956 290/957 285/958
f 283/959 285/960 284/961
f 284/962 285/963 286/964
f 293/965 298/966 299/967
f 291/968 298/969 293/970
f 296/971 297/972 294/973
f 294/974 297/975 292/976
f 291/977 293/978 294/979
f 291/980 294/981 292/982
f 293/983 299/984 300/985
f 293/986 300/987 295/988
f 293/989 295/990 294/991
f 294/992 295/993 296/994
f 303/995 308/996 309/997
f 301/998 308/999 303/1000
f 306/1001 307/1002 304/1003
f 304/1004 307/1005 302/1006
f 301/1007 303/1008 304/1009
f 301/1010 304/1011 302/1012
f 303/1013 309/1014 310/1015
f 303/1016 310/1017 305/1018
f 303/1019 305/1020 304/1021
f 304/1022 305/1023 306/1024
f 313/1025 318/1026 319/1027
f 311/1028 318/1029 313/1030
f 316/1031 317/1032 314/1033
f 314/1034 317/1035 312/1036
f 311/1037 313/1038 314/1039
f 311/1040 314/1041 312/1042
f 313/1043 319/1044 320/1045
f 313/1046 320/1047 315/1048
f 313/1049 315/1050 314/1051
f 314/1052 315/1053 316/1054
f 323/1055 328/1056 329/1057
f 321/1058 328/1059 323/1060
f 326/1061 327/1062 324/1063
f 324/1064 327/1065 322/1066
f 321/1067 323/1068 324/1069
f 321/1070 324/1071 322/1072
f 323/1073 329/1074 330/1075
f 323/1076 330/1077 325/1078
f 323/1079 325/1080 324/1081
f 324/1082 325/1083 326/1084
f 333/1085 338/1086 339/1087
f 331/1088 338/1089 333/1090
f 336/1091 337/1092 334/1093
f 334/1094 337/1095 332/1096
f 331/1097 333/1098 334/1099
f 331/1100 334/1101 332/1102
f 333/1103 339/1104 340/1105
f 333/1106 340/1107 335/1108
f 333/1109 335/1110 334/1111
f 334/1112 335/1113 336/1114
f 343/1115 348/1116 349/1117
f 341/1118 348/1119 343/1120
f 346/1121 347/1122 344/1123
f 344/1124 347/1125 342/1126
f 341/1127 343/1128 344/1129
f 341/1130 344/1131 342/1132
f 343/1133 349/1134 350/1135
f 343/1136 350/1137 345/1138
f 343/1139 345/1140 344/1141
f 344/1142 345/1143 346/1144
f 353/1145 358/1146 359/1147
f 351/1148 358/1149 353/1150
f 356/1151 357/1152 354/1153
f 354/1154 357/1155 352/1156
f 351/1157 353/1158 354/1159
f 351/1160 354/1161 352/1162
f 353/1163 359/1164 360/1165
f 353/1166 360/1167 355/1168
f 353/1169 355/1170 354/1171
f 354/1172 355/1173 356/1174
f 363/1175 368/1176 369/1177
f 361/1178 368/1179 363/1180
f 366/1181 367/1182 364/1183
f 364/1184 367/1185 362/1186
f 361/1187 363/1188 364/1189
f 361/1190 364/1191 362/1192
f 363/1193 369/1194 370/1195
f 363/1196 370/1197 365/1198
f 363/1199 365/1200 364/1201
f 364/1202 365/1203 366/1204
f 373/1205 378/1206 379/1207
f 371/1208 378/1209 373/1210
f 376/1211 377/1212 374/1213
f 374/1214 377/1215 372/1216
f 371/1217 373/1218 374/1219
f 371/1220 374/1221 372/1222
f 373/1223 379/1224 380/1225
f 373/1226 380/1227 375/1228
f 373/1229 375/1230 374/1231
f 374/1232 375/1233 376/1234
f 383/1235 388/1236 389/1237
f 381/1238 388/1239 383/1240
f 386/1241 387/1242 384/1243
f 384/1244 387/1245 382/1246
f 381/1247 383/1248 384/1249
f 381/1250 384/1251 382/1252
f 383/1253 389/1254 390/1255
f 383/1256 390/1257 385/1258
f 383/1259 385/1260 384/1261
f 384/1262 385/1263 386/1264
f 393/1265 398/1266 399/1267
f 391/1268 398/1269 393/1270
f 396/1271 397/1272 394/1273
f 394/1274 397/1275 392/1276
f 391/1277 393/1278 394/1279
f 391/1280 394/1281 392/1282
f 393/1283 399/1284 400/1285
f 393/1286 400/1287 395/1288
f 393/1289 395/1290 394/1291
f 394/1292 395/1293 396/1294
f 403/1295 408/1296 409/1297
f 401/1298 408/1299 403/1300
f 406/1301 407/1302 404/1303
f 404/1304 407/1305 402/1306
f 401/1307 403/1308 404/1309
f 401/1310 404/1311 402/1312
f 403/1313 409/1314 410/1315
f 403/1316 410/1317 405/1318
f 403/1319 405/1320 404/1321
f 404/1322 405/1323 406/1324
f 413/1325 418/1326 419/1327
f 411/1328 418/1329 413/1330
f 416/1331 417/1332 414/1333
f 414/1334 417/1335 412/1336
f 411/1337 413/1338 414/1339
f 411/1340 414/1341 412/1342
f 413/1343 419/1344 420/1345
f 413/1346 420/1347 415/1348
f 413/1349 415/1350 414/1351
f 414/1352 415/1353 416/1354
f 423/1355 428/1356 429/1357
f 421/1358 428/1359 423/1360
f 426/1361 427/1362 424/1363
f 424/1364 427/1365 422/1366
f 421/1367 423/1368 424/1369
f 421/1370 424/1371 422/1372
f 423/1373 429/1374 430/1375
f 423/1376 430/1377 425/1378
f 423/1379 425/1380 424/1381
f 424/1382 425/1383 426/1384
f 433/1385 438/1386 439/1387
f 431/1388 438/1389 433/1390
f 436/1391 437/1392 434/1393
f 434/1394 437/1395 432/1396
f 431/1397 433/1398 434/1399
f 431/1400 434/1401 432/1402
f 433/1403 439/1404 440/1405
f 433/1406 440/1407 435/1408
f 433/1409 435/1410 434/1411
f 434/1412 435/1413 436/1414
f 443/1415 448/1416 449/1417
f 441/1418 448/1419 443/1420
f 446/1421 447/1422 444/1423
f 444/1424 447/1425 442/1426
f 441/1427 443/1428 444/1429
f 441/1430 444/1431 442/1432
f 443/1433 449/1434 450/1435
f 443/1436 450/1437 445/1438
f 443/1439 445/1440 444/1441
f 444/1442 445/1443 446/1444
f 453/1445 458/1446 459/1447
f 451/1448 458/1449 453/1450
f 456/1451 457/1452 454/1453
f 454/1454 457/1455 452/1456
f 451/1457 453/1458 454/1459
f 451/1460 454/1461 452/1462
f 453/1463 459/1464 460/1465
f 453/1466 460/1467 455/1468
f 453/1469 455/1470 454/1471
f 454/1472 455/1473 456/1474
f 463/1475 468/1476 469/1477
f 461/1478 468/1479 463/1480
f 466/1481 467/1482 464/1483
f 464/1484 467/1485 462/1486
f 461/1487 463/1488 464/1489
f 461/1490 464/1491 462/1492
f 463/1493 469/1494 470/1495
f 463/1496 470/1497 465/1498
f 463/1499 465/1500 464/1501
f 464/1502 465/1503 466/1504
f 473/1505 478/1506 479/1507
f 471/1508 478/1509 473/1510
f 476/1511 477/1512 474/1513
f 474/1514 477/1515 472/1516
f 471/1517 473/1518 474/1519
f 471/1520 474/1521 472/1522
f 473/1523 479/1524 480/1525
f 473/1526 480/1527 475/1528
f 473/1529 475/1530 474/1531
f 474/1532 475/1533 476/1534
f 483/1535 488/1536 489/1537
f 481/1538 488/1539 483/1540
f 486/1541 487/1542 484/1543
f 484/1544 487/1545 482/1546
f 481/1547 483/1548 484/1549
f 481/1550 484/1551 482/1552
f 483/1553 489/1554 490/1555
f 483/1556 490/1557 485/1558
f 483/1559 485/1560 484/1561
f 484/1562 485/1563 486/1564
f 493/1565 498/1566 499/1567
f 491/1568 498/1569 493/1570
f 496/1571 497/1572 494/1573
f 494/1574 497/1575 492/1576
f 491/1577 493/1578 494/1579
f 491/1580 494/1581 492/1582
f 493/1583 499/1584 500/1585
f 493/1586 500/1587 495/1588
f 493/1589 495/1590 494/1591
f 494/1592 495/1593 496/1594
f 503/1595 508/1596 509/1597
f 501/1598 508/1599 503/1600
f 506/1601 507/1602 504/1603
f 504/1604 507/1605 502/1606
f 501/1607 503/1608 504/1609
f 501/1610 504/1611 502/1612
f 503/1613 509/1614 510/1615
f 503/1616 510/1617 505/1618
f 503/1619 505/1620 504/1621
f 504/1622 505/1623 506/1624
f 513/1625 518/1626 519/1627
f 511/1628 518/1629 513/1630
f 516/1631 517/1632 514/1633
f 514/1634 517/1635 512/1636
f 511/1637 513/1638 514/1639
f 511/1640 514/1641 512/1642
f 513/1643 519/1644 520/1645
f 513/1646 520/1647 515/1648
f 513/1649 515/1650 514/1651
f 514/1652 515/1653 516/1654
f 523/1655 528/1656 529/1657
f 521/1658 528/1659 523/1660
f 526/1661 527/1662 524/1663
f 524/1664 527/1665 522/1666
f 521/1667 523/1668 524/1669
f 521/1670 524/1671 522/1672
f 523/1673 529/1674 530/1675
f 523/1676 530/1677 525/1678
f 523/1679 525/1680 524/1681
f 524/1682 525/1683 526/1684
f 533/1685 538/1686 539/1687
f 531/1688 538/1689 533/1690
f 536/1691 537/1692 534/1693
f 534/1694 537/1695 532/1696
f 531/1697 533/1698 534/1699
f 531/1700 534/1701 532/1702
f 533/1703 539/1704 540/1705
f 533/1706 540/1707 535/1708
f 533/1709 535/1710 534/1711
f 534/1712 535/1713 536/1714
f 543/1715 548/1716 549/1717
f 541/1718 548/1719 543/1720
f 546/1721 547/1722 544/1723
f 544/1724 547/1725 542/1726
f 541/1727 543/1728 544/1729
f 541/1730 544/1731 542/1732
f 543/1733 549/1734 550/1735
f 543/1736 550/1737 545/1738
f 543/1739 545/1740 544/1741
f 544/1742 545/1743 546/1744
f 553/1745 558/1746 559/1747
f 551/1748 558/1749 553/1750
f 556/1751 557/1752 554/1753
f 554/1754 557/1755 552/1756
f 551/1757 553/1758 554/1759
f 551/1760 554/1761 552/1762
f 553/1763 559/1764 560/1765
f 553/1766 560/1767 555/1768
f 553/1769 555/1770 554/1771
f 554/1772 555/1773 556/1774
f 563/1775 568/1776 569/1777
f 561/1778 568/1779 563/1780
f 566/1781 567/1782 564/1783
f 564/1784 567/1785 562/1786
f 561/1787 563/1788 564/1789
f 561/1790 564/1791 562/1792
f 563/1793 569/1794 570/1795
f 563/1796 570/1797 565/1798
f 563/1799 565/1800 564/1801
f 564/1802 565/1803 566/1804
f 573/1805 578/1806 579/1807
f 571/1808 578/1809 573/1810
f 576/1811 577/1812 574/1813
f 574/1814 577/1815 572/1816
f 571/1817 573/1818 574/1819
f 571/1820 574/1821 572/1822
f 573/1823 579/1824 580/1825
f 573/1826 580/1827 575/1828
f 573/1829 575/1830 574/1831
f 574/1832 575/1833 576/1834
f 583/1835 588/1836 589/1837
f 581/1838 588/1839 583/1840
f 586/1841 587/1842 584/1843
f 584/1844 587/1845 582/1846
f 581/1847 583/1848 584/1849
f 581/1850 584/1851 582/1852
f 583/1853 589/1854 590/1855
f 583/1856 590/1857 585/1858
f 583/1859 585/1860 584/1861
f 584/1862 585/1863 586/1864
f 593/1865 598/1866 599/1867
f 591/1868 598/1869 593/1870
f 596/1871 597/1872 594/1873
f 594/1874 597/1875 592/1876
f 591/1877 593/1878 594/1879
f 591/1880 594/1881 592/1882
f 593/1883 599/1884 600/1885
f 593/1886 600/1887 595/1888
f 593/1889 595/1890 594/1891
f 594/1892 595/1893 596/1894
f 603/1895 608/1896 609/1897
f 601/1898 608/1899 603/1900
f 606/1901 607/1902 604/1903
f 604/1904 607/1905 602/1906
f 601/1907 603/1908 604/1909
f 601/1910 604/1911 602/1912
f 603/1913 609/1914 610/1915
f 603/1916 610/1917 605/1918
f 603/1919 605/1920 604/1921
f 604/1922 605/1923 606/1924
f 613/1925 618/1926 619/1927
f 611/1928 618/1929 613/1930
f 616/1931 617/1932 614/1933
f 614/1934 617/1935 612/1936
f 611/1937 613/1938 614/1939
f 611/1940 614/1941 612/1942
f 613/1943 619/1944 620/1945
f 613/1946 620/1947 615/1948
f 613/1949 615/1950 614/1951
f 614/1952 615/1953 616/1954
f 623/1955 628/1956 629/1957
f 621/1958 628/1959 623/1960
f 626/1961 627/1962 624/1963
f 624/1964 627/1965 622/1966
f 621/1967 623/1968 624/1969
f 621/1970 624/1971 622/1972
f 623/1973 629/1974 630/1975
f 623/1976 630/1977 625/1978
f 623/1979 625/1980 624/1981
f 624/1982 625/1983 626/1984
f 633/1985 638/1986 639/1987
f 631/1988 638/1989 633/1990
f 636/1991 637/1992 634/1993
f 634/1994 637/1995 632/1996
f 631/1997 633/1998 634/1999
f 631/2000 634/2001 632/2002
f 633/2003 639/2004 640/2005
f 633/2006 640/2007 635/2008
f 633/2009 635/2010 634/2011
f 634/2012 635/2013 636/2014
f 643/2015 648/2016 649/2017
f 641/2018 648/2019 643/2020
f 646/2021 647/2022 644/2023
f 644/2024 647/2025 642/2026
f 641/2027 643/2028 644/2029
f 641/2030 644/2031 642/2032
f 643/2033 649/2034 650/2035
f 643/2036 650/2037 645/2038
f 643/2039 645/2040 644/2041
f 644/2042 645/2043 646/2044
f 653/2045 658/2046 659/2047
f 651/2048 658/2049 653/2050
f 656/2051 657/2052 654/2053
f 654/2054 657/2055 652/2056
f 651/2057 653/2058 654/2059
f 651/2060 654/2061 652/2062
f 653/2063 659/2064 660/2065
f 653/2066 660/2067 655/2068
f 653/2069 655/2070 654/2071
f 654/2072 655/2073 656/2074
f 663/2075 668/2076 669/2077
f 661/2078 668/2079 663/2080
f 666/2081 667/2082 664/2083
f 664/2084 667/2085 662/2086
f 661/2087 663/2088 664/2089
f 661/2090 664/2091 662/2092
f 663/2093 669/2094 670/2095
f 663/2096 670/2097 665/2098
f 663/2099 665/2100 664/2101
f 664/2102 665/2103 666/2104
f 673/2105 678/2106 679/2107
f 671/2108 678/2109 673/2110
f 676/2111 677/2112 674/2113
f 674/2114 677/2115 672/2116
f 671/2117 673/2118 674/2119
f 671/2120 674/2121 672/2122
f 673/2123 679/2124 680/2125
f 673/2126 680/2127 675/2128
f 673/2129 675/2130 674/2131
f 674/2132 675/2133 676/2134
f 683/2135 688/2136 689/2137
f 681/2138 688/2139 683/2140
f 686/2141 687/2142 684/2143
f 684/2144 687/2145 682/2146
f 681/2147 683/2148 684/2149
f 681/2150 684/2151 682/2152
f 683/2153 689/2154 690/2155
f 683/2156 690/2157 685/2158
f 683/2159 685/2160 684/2161
f 684/2162 685/2163 686/2164
f 693/2165 698/2166 699/2167
f 691/2168 698/2169 693/2170
f 696/2171 697/2172 694/2173
f 694/2174 697/2175 692/2176
f 691/2177 693/2178 694/2179
f 691/2180 694/2181 692/2182
f 693/2183 699/2184 700/2185
f 693/2186 700/2187 695/2188
f 693/2189 695/2190 694/2191
f 694/2192 695/2193 696/2194
f 703/2195 708/2196 709/2197
f 701/2198 708/2199 703/2200
f 706/2201 707/2202 704/2203
f 704/2204 707/2205 702/2206
f 701/2207 703/2208 704/2209
f 701/2210 704/2211 702/2212
f 703/2213 709/2214 710/2215
f 703/2216 710/2217 705/2218
f 703/2219 705/2220 704/2221
f 704/2222 705/2223 706/2224
f 713/2225 718/2226 719/2227
f 711/2228 718/2229 713/2230
f 716/2231 717/2232 714/2233
f 714/2234 717/2235 712/2236
f 711/2237 713/2238 714/2239
f 711/2240 714/2241 712/2242
f 713/2243 719/2244 720/2245
f 713/2246 720/2247 715/2248
f 713/2249 715/2250 714/2251
f 714/2252 715/2253 716/2254
o tree_b
v -0.0780 0.0000 0.2293
v 0.1070 0.0000 0.2179
v 0.2298 0.0000 0.0791
v 0.2185 0.0000 -0.1059
v 0.0796 0.0000 -0.2287
v -0.1054 0.0000 -0.2174
v -0.2282 0.0000 -0.0785
v -0.2168 0.0000 0.1065
v -0.0619 0.1744 0.1772
v 0.0815 0.1744 0.1684
v 0.1767 0.1744 0.0608
v 0.1679 0.1744 -0.0826
v 0.0602 0.1744 -0.1778
v -0.0831 0.1744 -0.1690
v -0.1783 0.1744 -0.0614
v -0.1695 0.1744 0.0820
v -0.0523 0.4356 0.1571
v 0.0742 0.4356 0.1493
v 0.1581 0.4356 0.0544
v 0.1504 0.4356 -0.0721
v 0.0554 0.4356 -0.1560
v -0.0711 0.4356 -0.1483
v -0.1550 0.4356 -0.0534
v -0.1473 0.4356 0.0731
v -0.0437 0.7972 0.1396
v 0.0680 0.7972 0.1327
v 0.1422 0.7972 0.0489
v 0.1353 0.7972 -0.0628
v 0.0515 0.7972 -0.1369
v -0.0602 0.7972 -0.1300
v -0.1343 0.7972 -0.0462
v -0.1275 0.7972 0.0655
v -0.0440 1.5621 0.1130
v 0.0486 1.5621 0.1074
v 0.1100 1.5621 0.0379
v 0.1043 1.5621 -0.0547
v 0.0349 1.5621 -0.1162
v -0.0577 1.5621 -0.1105
v -0.1192 1.5621 -0.0410
v -0.1135 1.5621 0.0516
v -0.0588 2.4170 0.1007
v 0.0286 2.4170 0.0954
v 0.0866 2.4170 0.0298
v 0.0812 2.4170 -0.0576
v 0.0156 2.4170 -0.1156
v -0.0718 2.4170 -0.1103
v -0.1298 2.4170 -0.0447
v -0.1244 2.4170 0.0427
v -0.0574 3.4339 0.0967
v 0.0184 3.4339 0.0920
v 0.0688 3.4339 0.0351
v 0.0641 3.4339 -0.0408
v 0.0072 3.4339 -0.0911
v -0.0687 3.4339 -0.0865
v -0.1190 3.4339 -0.0295
v -0.1143 3.4339 0.0463
v -0.0053 4.5662 0.1387
v 0.0587 4.5672 0.1348
v 0.1011 4.5695 0.0869
v 0.0972 4.5719 0.0229
v 0.0492 4.5729 -0.0195
v -0.0148 4.5719 -0.0156
v -0.0572 4.5695 0.0324
v -0.0533 4.5672 0.0963
v 0.1031 5.3996 0.3091
v 0.1528 5.3907 0.3200
v 0.1970 5.3931 0.2933
v 0.2098 5.4053 0.2448
v 0.1836 5.4203 0.2029
v 0.1339 5.4292 0.1920
v 0.0898 5.4268 0.2187
v 0.0770 5.4146 0.2672
v 0.1159 6.2317 0.6924
v 0.1392 6.2237 0.7137
v 0.1715 6.2266 0.7145
v 0.1941 6.2385 0.6943
v 0.1936 6.2525 0.6650
v 0.1703 6.2605 0.6437
v 0.1380 6.2576 0.6429
v 0.1154 6.2457 0.6630
v 0.0718 7.0309 1.3100
v 0.0730 7.0305 1.3111
v 0.0746 7.0306 1.3111
v 0.0757 7.0312 1.3101
v 0.0756 7.0319 1.3087
v 0.0745 7.0323 1.3076
v 0.0729 7.0321 1.3076
v 0.0718 7.0316 1.3086
v -0.0643 2.0039 0.1023
v 0.0276 2.0698 0.0675
v 0.0673 2.0621 -0.0437
v 0.0149 1.9885 -0.1203
v -0.0771 1.9226 -0.0855
v -0.1167 1.9303 0.0258
v -0.5463 2.6798 -0.1877
v -0.4655 2.7238 -0.1953
v -0.4144 2.7138 -0.2716
v -0.4442 2.6599 -0.3404
v -0.5251 2.6159 -0.3329
v -0.5762 2.6258 -0.2565
v -0.7924 3.6675 -0.5179
v -0.7331 3.7073 -0.5069
v -0.6800 3.7073 -0.5559
v -0.6862 3.6675 -0.6159
v -0.7455 3.6277 -0.6269
v -0.7986 3.6277 -0.5779
v -1.1657 4.6126 -1.0474
v -1.1208 4.6354 -1.0530
v -1.0965 4.6331 -1.0975
v -1.1173 4.6080 -1.1364
v -1.1623 4.5853 -1.1308
v -1.1865 4.5876 -1.0863
v -1.6047 5.7818 -1.3243
v -1.5969 5.7838 -1.3274
v -1.5953 5.7831 -1.3358
v -1.6015 5.7804 -1.3412
v -1.6094 5.7784 -1.3381
v -1.6110 5.7791 -1.3296
v 0.0721 2.9021 0.0079
v 0.0279 2.9772 -0.0228
v -0.0629 2.9865 -0.0083
v -0.1094 2.9208 0.0369
v -0.0652 2.8457 0.0677
v 0.0256 2.8364 0.0532
v 0.2418 3.5742 0.7712
v 0.2165 3.6234 0.7247
v 0.1454 3.6349 0.7194
v 0.0995 3.5972 0.7606
v 0.1248 3.5480 0.8071
v 0.1960 3.5365 0.8124
v 0.4428 4.4587 1.1874
v 0.4049 4.4893 1.1733
v 0.3634 4.4932 1.2021
v 0.3597 4.4665 1.2451
v 0.3976 4.4359 1.2592
v 0.4391 4.4320 1.2304
v 0.9112 5.5415 1.6822
v 0.9033 5.5449 1.6816
v 0.8980 5.5449 1.6884
v 0.9005 5.5413 1.6958
v 0.9084 5.5378 1.6965
v 0.9137 5.5379 1.6897
v -0.7254 3.3760 -0.5013
v -0.7343 3.4373 -0.4911
v -0.6857 3.4740 -0.4759
v -0.6281 3.4493 -0.4709
v -0.6192 3.3880 -0.4811
v -0.6679 3.3513 -0.4963
v -0.6990 3.6343 -1.1522
v -0.7165 3.6754 -1.1318
v -0.6857 3.7079 -1.1117
v -0.6374 3.6994 -1.1119
v -0.6198 3.6582 -1.1323
v -0.6506 3.6257 -1.1524
v -0.8739 4.0320 -1.6731
v -0.8681 4.0643 -1.6624
v -0.8374 4.0790 -1.6678
v -0.8125 4.0614 -1.6839
v -0.8183 4.0291 -1.6945
v -0.8490 4.0144 -1.6891
v -1.2054 4.4403 -2.3655
v -1.2026 4.4451 -2.3638
v -1.1974 4.4464 -2.3661
v -1.1949 4.4429 -2.3700
v -1.1978 4.4380 -2.3717
v -1.2030 4.4367 -2.3694
v -0.0152 4.4096 -0.0094
v -0.0296 4.4592 0.0232
v -0.0088 4.4653 0.0802
v 0.0265 4.4219 0.1047
v 0.0409 4.3723 0.0721
v 0.0200 4.3661 0.0151
v 0.4586 4.8538 -0.2158
v 0.4316 4.8863 -0.1935
v 0.4372 4.8939 -0.1467
v 0.4697 4.8690 -0.1221
v 0.4966 4.8365 -0.1444
v 0.4911 4.8289 -0.1912
v 0.7034 5.4385 -0.3987
v 0.6990 5.4587 -0.3723
v 0.7229 5.4613 -0.3489
v 0.7513 5.4436 -0.3520
v 0.7556 5.4234 -0.3784
v 0.7317 5.4208 -0.4017
v 0.9653 6.1541 -0.7649
v 0.9659 6.1564 -0.7597
v 0.9710 6.1564 -0.7571
v 0.9755 6.1540 -0.7597
v 0.9749 6.1517 -0.7649
v 0.9699 6.1518 -0.7675
v -0.2832 2.7310 -0.9141
v -0.2556 2.7856 -0.5998
v -0.5683 2.9827 -0.9457
v -0.5728 3.0807 -0.6534
v -0.9610 2.8981 -0.9235
v -0.9047 3.0136 -0.5674
v -0.5496 3.0761 -0.4268
v -0.3928 2.6927 -1.1660
v -0.5513 2.7388 -1.2339
v -0.8343 2.8181 -1.2064
v -0.5144 4.1298 -1.1085
v -0.5279 3.5219 -1.0545
v -0.5374 4.2104 -0.5401
v -0.5268 3.6233 -0.4205
v -0.9595 4.2986 -0.1283
v -0.8600 3.6607 -0.0284
v -0.5804 3.1951 -0.4008
v -0.5797 4.6400 -1.0345
v -0.6482 4.7998 -0.7919
v -0.8361 4.8098 -0.3515
v -1.0990 2.9751 -0.8556
v -0.7872 3.0947 -0.8339
v -1.1925 3.0807 -0.5183
v -0.9268 3.2258 -0.4602
v -1.1979 2.9870 -0.1329
v -0.8538 3.1820 -0.1226
v -0.7027 3.2669 -0.4571
v -1.3570 2.8648 -0.7830
v -1.4487 2.8624 -0.6206
v -1.4599 2.8828 -0.3129
v -0.9815 3.2977 -1.1974
v -0.6914 3.4548 -0.9861
v -1.2868 3.5368 -1.0158
v -1.0592 3.7335 -0.8161
v -1.5870 3.5780 -0.6637
v -1.2442 3.8161 -0.4623
v -0.8506 3.7920 -0.6603
v -1.2890 3.1893 -1.2921
v -1.4889 3.2429 -1.2221
v -1.7156 3.3809 -0.9769
v -0.2885 3.7565 -0.5451
v -0.1922 3.0751 -0.6627
v -0.5090 3.5828 0.0574
v -0.4158 2.9961 0.0159
v -1.1559 3.4449 0.2968
v -0.9338 2.7883 0.2624
v -0.3707 2.5837 -0.1488
v -0.4528 4.1763 -0.3024
v -0.6592 4.2392 -0.0642
v -1.0200 4.0639 0.2604
v -0.3087 3.1312 -1.3858
v -0.3100 3.3336 -1.0820
v -0.6504 3.2832 -1.5245
v -0.6858 3.5084 -1.2772
v -1.0822 3.2556 -1.5257
v -1.0569 3.5425 -1.2043
v -0.6818 3.6044 -1.0480
v -0.4071 2.9688 -1.6386
v -0.5817 2.9752 -1.7429
v -0.9081 3.0515 -1.7730
v -1.9423 4.3709 -1.5857
v -1.5085 4.1902 -1.5211
v -1.9312 4.7781 -1.1284
v -1.4059 4.5542 -0.9695
v -2.1861 4.4994 -0.5948
v -1.5354 4.2973 -0.5776
v -1.0586 4.3022 -0.9230
v -2.3707 4.5922 -1.5661
v -2.5507 4.7212 -1.3497
v -2.5548 4.7478 -0.9023
v -1.9636 4.2848 -0.7732
v -1.4913 4.0910 -1.0414
v -1.6940 4.3418 -0.2737
v -1.1979 4.1662 -0.4725
v -1.6521 3.9620 0.1534
v -1.1065 3.8615 -0.1171
v -0.9049 3.9621 -0.6969
v -2.3121 4.3819 -0.4413
v -2.3119 4.3748 -0.1595
v -2.1209 4.2207 0.2207
v -1.2049 5.1342 -0.6102
v -1.2216 4.7982 -0.6264
v -1.0883 5.1943 -0.9854
v -1.1047 4.8431 -1.0677
v -0.7047 5.1491 -1.1392
v -0.7331 4.7981 -1.1588
v -1.0943 4.5784 -1.0351
v -1.1587 5.4415 -0.6760
v -1.0510 5.5635 -0.8062
v -0.8249 5.5057 -1.0550
v -1.2170 5.4747 -0.9905
v -1.3117 5.2362 -0.9100
v -0.9936 5.3848 -1.2860
v -1.1191 5.0705 -1.2602
v -0.6418 5.2167 -1.3056
v -0.8320 4.9478 -1.2432
v -1.2054 4.8634 -1.1462
v -1.0725 5.7314 -1.1245
v -0.8966 5.7395 -1.3343
v -0.6553 5.5518 -1.3771
v -0.6525 4.9700 -1.1630
v -0.6745 4.4621 -1.2352
v -0.7689 4.9327 -0.6698
v -0.7998 4.4326 -0.6758
v -1.2291 4.9545 -0.4503
v -1.1693 4.4084 -0.4676
v -0.8600 4.0796 -0.7888
v -0.7224 5.3787 -1.0241
v -0.8314 5.4697 -0.8171
v -1.0806 5.4081 -0.5064
v -1.1868 5.4855 -1.4554
v -1.2261 5.2035 -1.3622
v -1.2240 5.6562 -1.2201
v -1.2417 5.3118 -1.1524
v -1.5036 5.7105 -1.0033
v -1.4608 5.3308 -0.9512
v -1.2978 5.0551 -1.1713
v -1.1985 5.8255 -1.5143
v -1.2705 5.9649 -1.3807
v -1.3833 5.9295 -1.1599
v -1.8455 5.3866 -1.6967
v -1.6219 5.1742 -1.6021
v -1.8001 5.6280 -1.4145
v -1.5576 5.4601 -1.2869
v -1.9501 5.6272 -1.0440
v -1.6466 5.4152 -0.9518
v -1.4249 5.2726 -1.2265
v -2.0501 5.5769 -1.6903
v -2.1028 5.7453 -1.5851
v -2.1234 5.8343 -1.2767
v -1.6639 5.3308 -1.1162
v -1.4375 5.1220 -1.0555
v -1.7844 5.2106 -1.3820
v -1.5272 4.9784 -1.2558
v -1.6208 5.2395 -1.7618
v -1.3855 4.9573 -1.5604
v -1.2929 4.9091 -1.1514
v -1.8950 5.5749 -1.2685
v -1.9527 5.5685 -1.4811
v -1.8601 5.4161 -1.6872
v -1.2147 4.2044 -2.0348
v -1.0886 4.1592 -1.8613
v -1.0893 4.1254 -2.1980
v -0.9756 4.0694 -1.9739
v -0.8556 4.2523 -2.3123
v -0.7690 4.1494 -2.0525
v -0.9157 4.1019 -1.8013
v -1.3104 4.2804 -2.2616
v -1.2268 4.2834 -2.3908
v -1.0407 4.2564 -2.4199
v -0.7024 4.2025 -1.9003
v -0.7108 4.0609 -1.7332
v -0.8475 4.3540 -1.8327
v -0.8194 4.1795 -1.6455
v -1.1360 4.3323 -1.8423
v -1.0523 4.1594 -1.6216
v -0.8034 4.0092 -1.5735
v -0.7539 4.3649 -2.0936
v -0.8806 4.4523 -2.0978
v -1.0349 4.4541 -1.9865
v -0.4708 3.9250 -1.4043
v -0.5156 3.7315 -1.2034
v -0.6533 4.1273 -1.3241
v -0.6569 3.8868 -1.0955
v -1.0228 4.1258 -1.3760
v -0.9598 3.8801 -1.0970
v -0.6600 3.6615 -1.0154
v -0.4973 4.1524 -1.6448
v -0.6517 4.2762 -1.6595
v -0.8640 4.2840 -1.5371
v -0.7050 3.7235 -1.8974
v -0.5432 3.6712 -1.5618
v -1.1130 3.8705 -1.8103
v -0.9528 3.8005 -1.5230
v -1.2283 4.1101 -1.4391
v -0.9151 4.0131 -1.1456
v -0.7361 3.7345 -1.2788
v -0.9261 3.8672 -2.0719
v -1.1254 3.9682 -2.0523
v -1.2712 4.1539 -1.7987
v -0.5098 4.0913 -1.9963
v -0.5258 4.0227 -1.6363
v -0.8586 3.9964 -2.1591
v -0.8464 3.9281 -1.8371
v -1.2029 4.0156 -1.9431
v -1.0907 3.9925 -1.5312
v -0.7861 3.9007 -1.5193
v -0.6420 4.1547 -2.2668
v -0.8183 4.1373 -2.3668
v -1.1039 4.1376 -2.2574
v -1.1338 4.5174 -1.8367
v -0.9718 4.3851 -1.5054
v -1.3960 4.7911 -1.6373
v -1.2643 4.7273 -1.3072
v -1.8079 4.8507 -1.4310
v -1.5741 4.7516 -1.0433
v -1.1670 4.5911 -1.0994
v -1.3571 4.6488 -2.0562
v -1.5344 4.7725 -2.0250
v -1.8010 4.9033 -1.8191
v -1.0301 4.4298 -2.3437
v -0.8921 4.2723 -2.2391
v -1.1765 4.4707 -2.1099
v -1.0591 4.3341 -1.9744
v -1.4246 4.3315 -2.0353
v -1.2441 4.1787 -1.8916
v -0.9647 4.2054 -1.9269
v -1.1938 4.5367 -2.3974
v -1.3084 4.5547 -2.3376
v -1.4603 4.4988 -2.1950
v -0.2024 2.9839 1.0799
v -0.2430 3.0497 0.7388
v 0.1669 3.1771 1.0874
v 0.1733 3.2806 0.7670
v 0.5589 2.9857 1.0336
v 0.5003 3.1237 0.6481
v 0.1292 3.2823 0.5220
v -0.0759 2.9143 1.3463
v 0.1093 2.9219 1.4069
v 0.4271 2.9329 1.3531
v 0.2072 3.3490 1.1922
v -0.0005 3.3288 0.8792
v 0.6223 3.4152 1.0546
v 0.4186 3.3773 0.7898
v 0.7360 3.6283 0.6671
v 0.3773 3.5932 0.4146
v 0.1658 3.3540 0.5742
v 0.4708 3.4477 1.3363
v 0.6818 3.5086 1.2912
v 0.8290 3.6631 1.0182
v -0.5458 4.3645 1.1986
v -0.4710 3.7321 1.0349
v -0.0339 4.5527 0.8978
v 0.0896 4.0042 0.7014
v 0.5835 4.6261 1.0130
v 0.6270 3.9886 0.7178
v 0.1346 3.5607 0.6803
v -0.4561 4.9019 1.3276
v -0.2069 5.0977 1.2737
v 0.2950 5.1481 1.1647
v -0.1587 4.8221 1.6431
v 0.0111 4.3265 1.3200
v 0.0595 5.2787 1.5089
v 0.1863 4.6573 1.1519
v 0.6294 5.4003 1.4737
v 0.6610 4.7272 1.0651
v 0.2874 4.1327 1.0048
v -0.2352 5.4285 2.0059
v -0.0435 5.7473 2.0004
v 0.3006 5.7703 1.7689
v 1.1858 5.1030 1.1737
v 0.8003 4.8223 1.1395
v 1.2733 5.1868 1.5633
v 0.8447 4.8307 1.4671
v 1.0075 5.4796 1.8220
v 0.6019 5.0401 1.6911
v 0.5033 4.6209 1.3101
v 1.5737 5.4189 1.2972
v 1.6250 5.5864 1.5270
v 1.4130 5.5859 1.7704
v -0.2532 3.5240 1.9955
v -0.3811 3.5437 1.3040
v 0.4270 3.7567 1.9709
v 0.3519 3.8229 1.3380
v 1.0911 3.5923 1.7909
v 0.9255 3.6375 1.0451
v 0.2267 3.7414 0.8815
v 0.0506 3.4689 2.5574
v 0.4390 3.4738 2.6647
v 1.0862 3.5354 2.4574
v -0.1656 4.8449 0.8779
v -0.3312 4.4317 0.5642
v 0.2480 4.9512 0.5886
v 0.1427 4.5965 0.2626
v 0.7504 4.8075 0.5544
v 0.5451 4.4435 0.1482
v 0.0313 4.2767 0.1142
v 0.0895 5.1605 1.1020
v 0.3347 5.2549 1.0591
v 0.7176 5.2004 0.8774
v 0.1381 3.9258 0.4212
v 0.2591 3.6931 0.4999
v -0.1689 3.8992 0.5147
v -0.0476 3.6931 0.5670
v -0.2716 3.7215 0.7761
v -0.0376 3.5080 0.8236
v 0.1142 3.5185 0.6129
v -0.0331 4.0775 0.4472
v -0.1854 4.0884 0.5051
v -0.3058 3.9715 0.6933
v 0.8271 4.3474 1.8843
v 0.3232 4.2277 1.6580
v 1.1255 4.3781 1.3903
v 0.6813 4.2959 1.1433
v 1.3438 4.0811 0.9576
v 0.7853 3.9754 0.7233
v 0.3353 4.1549 1.0469
v 1.3362 4.3754 1.9583
v 1.5925 4.3260 1.7668
v 1.7699 4.1939 1.2651
v -0.4839 3.4855 0.1999
v -0.1637 3.3836 0.1856
v -0.4344 3.6337 0.5691
v -0.1183 3.5708 0.6018
v -0.5127 3.4291 0.9306
v -0.1202 3.3680 0.9078
v 0.0920 3.4601 0.5734
v -0.7510 3.5452 0.3001
v -0.8150 3.5711 0.4745
v -0.7933 3.5401 0.7823
v 0.4494 4.7158 1.9739
v 0.1902 4.5428 1.5875
v 1.0077 4.7073 1.8037
v 0.7500 4.5369 1.4851
v 1.1921 4.7657 1.2331
v 0.7300 4.6123 0.9167
v 0.4262 4.4116 1.2156
v 0.7963 4.8963 2.1193
v 1.0809 4.9379 2.0494
v 1.2995 4.9810 1.6502
v 0.4017 5.0789 2.0514
v 0.3602 4.7266 1.8797
v 0.4173 5.3605 1.6279
v 0.4110 4.9413 1.3695
v 0.9363 5.4222 1.4798
v 0.7970 4.9226 1.2521
v 0.4315 4.5978 1.2683
v 0.4628 5.4616 2.1544
v 0.5760 5.6692 2.0529
v 0.7925 5.7432 1.7590
v 0.9085 5.7660 1.9504
v 0.8335 5.5264 1.7748
v 0.9638 5.9184 1.7208
v 0.8739 5.6310 1.6393
v 1.2098 5.8964 1.5416
v 1.0774 5.5970 1.4514
v 0.8347 5.3973 1.6249
v 1.0170 6.0413 2.0210
v 1.0838 6.1475 1.8638
v 1.1454 6.1028 1.6988
v 0.3126 4.2218 -0.3517
v 0.3382 4.2980 -0.1378
v 0.0951 4.3807 -0.3919
v 0.0948 4.4832 -0.1971
v -0.1788 4.3042 -0.3521
v -0.1350 4.4295 -0.1167
v 0.1181 4.5074 -0.0380
v 0.2296 4.1603 -0.5206
v 0.1124 4.1768 -0.5677
v -0.0925 4.2216 -0.5468
v 1.2346 4.3680 0.1765
v 0.7998 4.3114 0.2970
v 1.1512 4.7858 -0.2272
v 0.5921 4.7196 -0.1515
v 1.0859 4.5125 -0.7873
v 0.4824 4.4845 -0.5386
v 0.2186 4.5747 -0.0480
v 1.6424 4.4705 -0.0162
v 1.7419 4.5647 -0.2795
v 1.5779 4.6265 -0.6717
v -0.0089 4.5051 -0.4516
v 0.1543 4.5103 -0.2221
v -0.2467 4.5645 -0.3118
v -0.1236 4.5858 -0.1125
v -0.4024 4.3622 -0.1716
v -0.2238 4.4103 0.0733
v 0.0027 4.5597 0.0043
v -0.2025 4.4712 -0.6026
v -0.3316 4.4520 -0.5635
v -0.4875 4.3949 -0.4112
v -1.2574 5.1877 0.3496
v -0.8573 4.6862 0.1082
v -0.7193 5.4567 0.5831
v -0.2443 5.0540 0.3232
v -0.6386 5.3889 1.1861
v -0.1665 4.9099 0.7545
v 0.0179 4.7427 0.1204
v -1.4426 5.6002 0.6521
v -1.3694 5.8060 0.8782
v -1.0362 5.8205 1.1625
v -0.6770 5.8312 1.2297
v -0.6354 5.5047 0.6625
v 0.0225 6.0081 1.2240
v 0.1500 5.7186 0.6672
v 0.6291 5.7034 1.4953
v 0.6857 5.4728 0.8351
v 0.1355 5.4078 0.3018
v -0.5462 6.0583 1.7306
v -0.2317 6.1277 1.8847
v 0.3483 6.0461 1.9363
v 1.4052 6.2577 -0.8793
v 1.1704 5.9657 -0.6786
v 1.1961 6.5109 -1.0335
v 0.9643 6.1592 -0.7592
v 0.9652 6.4307 -1.3753
v 0.7466 6.0819 -1.0191
v 0.8554 5.8369 -0.5839
v 1.5878 6.5941 -1.1311
v 1.4956 6.7390 -1.3221
v 1.2234 6.7017 -1.4051
v 1.2552 5.4082 -0.2133
v 0.8123 5.0206 0.0792
v 1.1741 5.5195 -0.8411
v 0.8118 5.1505 -0.5621
v 0.5031 5.5249 -0.9190
v 0.1725 5.1989 -0.4273
v 0.4744 4.8331 -0.1924
v 1.4243 5.7783 -0.5588
v 1.3829 5.8994 -0.8591
v 0.9316 5.9319 -1.0178
v -1.7019 6.0009 -1.5951
v -1.5997 5.7860 -1.5567
v -1.7238 6.0545 -1.3606
v -1.6292 5.8830 -1.3131
v -1.9116 5.9708 -1.2195
v -1.7688 5.7550 -1.1738
v -1.5826 5.7420 -1.3243
v -1.8245 6.1730 -1.5741
v -1.8811 6.2050 -1.4773
v -1.9578 6.1681 -1.3041
v -1.4143 5.7356 -1.7097
v -1.4654 5.4976 -1.5897
v -1.3940 5.8751 -1.4827
v -1.4214 5.6734 -1.3412
v -1.5333 6.0185 -1.2728
v -1.5499 5.7359 -1.1279
v -1.4814 5.5098 -1.2776
v -1.3990 5.9627 -1.7559
v -1.4029 6.0754 -1.6743
v -1.4561 6.1707 -1.4766
v -1.0183 4.4969 -2.5200
v -0.9974 4.4188 -2.3491
v -1.2368 4.5302 -2.5438
v -1.2061 4.4526 -2.3968
v -1.3823 4.5683 -2.3705
v -1.2798 4.4842 -2.1936
v -1.1425 4.3873 -2.2564
v -1.1051 4.5854 -2.6194
v -1.2112 4.6194 -2.6366
v -1.3437 4.6526 -2.5287
v 0.7382 5.9299 -0.3723
v 0.9314 5.4442 -0.2300
v 0.2015 5.7931 -0.3835
v 0.3353 5.3434 -0.2301
v -0.1843 5.5167 -0.6512
v 0.0364 5.0000 -0.4734
v 0.5185 5.0244 -0.1925
v 0.4534 6.2823 -0.5687
v 0.1647 6.2853 -0.6825
v -0.2704 6.0077 -0.7815
v 0.9004 5.8462 0.4926
v 0.5681 5.3314 0.4463
v 0.5555 6.1508 -0.2061
v 0.3284 5.5598 -0.0869
v -0.2035 5.9871 -0.4496
v -0.2823 5.4207 -0.1613
v 0.1435 4.9984 0.1310
v 0.9069 6.4500 0.2387
v 0.7045 6.6158 -0.1124
v 0.1595 6.5727 -0.3734
v 0.0895 7.0953 0.6561
v -0.1882 6.5197 0.7770
v 0.5172 6.7742 0.4750
v 0.3304 6.3112 0.4958
v 0.9705 6.7167 0.7615
v 0.6026 6.0672 0.8201
v 0.1529 6.0310 0.5349
v 0.3990 7.3479 0.5825
v 0.6597 7.3540 0.5412
v 0.9781 7.1206 0.5817
v -0.2696 6.2813 -0.4205
v 0.2178 5.9570 -0.0788
v -0.5124 6.4288 0.1041
v -0.1165 6.1926 0.3725
v -0.9278 6.1764 0.4635
v -0.3700 5.9447 0.7837
v 0.1401 5.9376 0.5157
v -0.6913 6.4666 -0.4999
v -0.9176 6.5237 -0.3192
v -1.1602 6.4569 0.0968
v -0.6440 7.1679 1.5882
v -0.5329 6.8364 1.2149
v -0.1066 7.3218 1.6532
v 0.0691 7.0225 1.2939
v 0.3215 7.1446 1.9856
v 0.4571 6.8734 1.5301
v 0.1091 6.7309 1.0627
v -0.6136 7.4184 1.9499
v -0.3938 7.5026 2.0986
v 0.0443 7.4636 2.2288
v -0.4626 6.5108 1.2659
v -0.1908 6.3775 0.9675
v -0.3090 6.7579 1.4824
v -0.0350 6.5917 1.0952
v -0.0160 6.6544 1.7652
v 0.2322 6.5110 1.3025
v 0.1291 6.3851 0.8180
v -0.6892 6.6849 1.6240
v -0.6117 6.7875 1.8465
v -0.3303 6.8121 1.8970
v -0.1489 7.5289 1.3037
v -0.3064 7.0644 1.0739
v 0.3833 7.3902 1.2927
v 0.2983 6.9225 1.0621
v 0.6979 7.1357 1.6716
v 0.5775 6.6778 1.3385
v 0.1308 6.5797 0.9545
v 0.0779 7.8473 1.5511
v 0.3298 7.8518 1.6554
v 0.6893 7.6321 1.7854
v -0.5332 7.2251 0.7278
v -0.5169 6.6186 0.8271
v 0.1276 7.1543 0.7230
v 0.1928 6.6831 0.7406
v 0.5797 7.3170 1.1451
v 0.5556 6.6072 1.1654
v 0.1604 6.3683 0.7569
v -0.3414 7.5776 0.7221
v -0.0661 7.7027 0.7619
v 0.3906 7.6556 0.9264
v 1.0053 6.4922 -0.6483
v 1.1783 6.0573 -0.5209
v 0.5247 6.3697 -0.6583
v 0.6445 5.9671 -0.5210
v 0.2143 6.1214 -0.9411
v 0.4154 5.6633 -0.7912
v 0.8086 5.6814 -0.4873
v 0.8315 6.8077 -0.8032
v 0.5052 6.8628 -0.9467
v 0.1660 6.5413 -1.1012
vt 0.79650 0.00005
vt 0.83568 0.00005
vt 0.83388 0.02534
vt 0.79875 0.02576
vt 0.91108 0.00605
vt 0.94792 0.01190
vt 0.93491 0.03487
vt 0.90266 0.02968
vt 0.75658 0.00267
vt 0.79650 0.00005
vt 0.79875 0.02576
vt 0.76407 0.02820
vt 0.87395 0.00213
vt 0.91108 0.00605
vt 0.90266 0.02968
vt 0.86863 0.02671
vt 0.71766 0.00856
vt 0.75658 0.00267
vt 0.76407 0.02820
vt 0.73038 0.03241
vt 0.83568 0.00005
vt 0.87395 0.00213
vt 0.86863 0.02671
vt 0.83388 0.02534
vt 0.94792 0.01190
vt 0.98405 0.02144
vt 0.96426 0.04168
vt 0.93491 0.03487
vt 0.68110 0.01773
vt 0.71766 0.00856
vt 0.73038 0.03241
vt 0.69922 0.03884
vt 0.76407 0.02820
vt 0.79875 0.02576
vt 0.80253 0.06422
vt 0.77283 0.06577
vt 0.86863 0.02671
vt 0.90266 0.02968
vt 0.89168 0.06663
vt 0.86240 0.06463
vt 0.73038 0.03241
vt 0.76407 0.02820
vt 0.77283 0.06577
vt 0.74396 0.06841
vt 0.83388 0.02534
vt 0.86863 0.02671
vt 0.86240 0.06463
vt 0.83254 0.06382
vt 0.93491 0.03487
vt 0.96426 0.04168
vt 0.94708 0.07378
vt 0.91997 0.06975
vt 0.69922 0.03884
vt 0.73038 0.03241
vt 0.74396 0.06841
vt 0.71645 0.07196
vt 0.79875 0.02576
vt 0.83388 0.02534
vt 0.83254 0.06382
vt 0.80253 0.06422
vt 0.90266 0.02968
vt 0.93491 0.03487
vt 0.91997 0.06975
vt 0.89168 0.06663
vt 0.80253 0.06422
vt 0.83254 0.06382
vt 0.83107 0.11500
vt 0.80550 0.11510
vt 0.89168 0.06663
vt 0.91997 0.06975
vt 0.90711 0.11839
vt 0.88200 0.11670
vt 0.77283 0.06577
vt 0.80253 0.06422
vt 0.80550 0.11510
vt 0.78011 0.11582
vt 0.86240 0.06463
vt 0.89168 0.06663
vt 0.88200 0.11670
vt 0.85664 0.11555
vt 0.74396 0.06841
vt 0.77283 0.06577
vt 0.78011 0.11582
vt 0.75515 0.11711
vt 0.83254 0.06382
vt 0.86240 0.06463
vt 0.85664 0.11555
vt 0.83107 0.11500
vt 0.91997 0.06975
vt 0.94708 0.07378
vt 0.93180 0.12052
vt 0.90711 0.11839
vt 0.71645 0.07196
vt 0.74396 0.06841
vt 0.75515 0.11711
vt 0.73066 0.11894
vt 0.83107 0.11500
vt 0.85664 0.11555
vt 0.84964 0.22076
vt 0.82871 0.22029
vt 0.90711 0.11839
vt 0.93180 0.12052
vt 0.91197 0.22272
vt 0.89134 0.22199
vt 0.73066 0.11894
vt 0.75515 0.11711
vt 0.76621 0.22054
vt 0.74561 0.22128
vt 0.80550 0.11510
vt 0.83107 0.11500
vt 0.82871 0.22029
vt 0.80780 0.22003
vt 0.88200 0.11670
vt 0.90711 0.11839
vt 0.89134 0.22199
vt 0.87054 0.22134
vt 0.78011 0.11582
vt 0.80550 0.11510
vt 0.80780 0.22003
vt 0.78695 0.22011
vt 0.85664 0.11555
vt 0.88200 0.11670
vt 0.87054 0.22134
vt 0.84964 0.22076
vt 0.75515 0.11711
vt 0.78011 0.11582
vt 0.78695 0.22011
vt 0.76621 0.22054
vt 0.84964 0.22076
vt 0.87054 0.22134
vt 0.86463 0.33666
vt 0.84530 0.33621
vt 0.76621 0.22054
vt 0.78695 0.22011
vt 0.78727 0.33563
vt 0.76793 0.33584
vt 0.82871 0.22029
vt 0.84964 0.22076
vt 0.84530 0.33621
vt 0.82599 0.33583
vt 0.89134 0.22199
vt 0.91197 0.22272
vt 0.90339 0.33760
vt 0.88400 0.33713
vt 0.74561 0.22128
vt 0.76621 0.22054
vt 0.76793 0.33584
vt 0.74859 0.33620
vt 0.80780 0.22003
vt 0.82871 0.22029
vt 0.82599 0.33583
vt 0.80663 0.33562
vt 0.87054 0.22134
vt 0.89134 0.22199
vt 0.88400 0.33713
vt 0.86463 0.33666
vt 0.78695 0.22011
vt 0.80780 0.22003
vt 0.80663 0.33562
vt 0.78727 0.33563
vt 0.86463 0.33666
vt 0.88400 0.33713
vt 0.87304 0.47277
vt 0.85625 0.47201
vt 0.78727 0.33563
vt 0.80663 0.33562
vt 0.80569 0.47178
vt 0.78894 0.47211
vt 0.84530 0.33621
vt 0.86463 0.33666
vt 0.85625 0.47201
vt 0.83944 0.47158
vt 0.76793 0.33584
vt 0.78727 0.33563
vt 0.78894 0.47211
vt 0.77234 0.47235
vt 0.82599 0.33583
vt 0.84530 0.33621
vt 0.83944 0.47158
vt 0.82253 0.47154
vt 0.88400 0.33713
vt 0.90339 0.33760
vt 0.88970 0.47368
vt 0.87304 0.47277
vt 0.74859 0.33620
vt 0.76793 0.33584
vt 0.77234 0.47235
vt 0.75553 0.47243
vt 0.80663 0.33562
vt 0.82599 0.33583
vt 0.82253 0.47154
vt 0.80569 0.47178
vt 0.87304 0.47277
vt 0.88970 0.47368
vt 0.87426 0.62426
vt 0.86071 0.62251
vt 0.75553 0.47243
vt 0.77234 0.47235
vt 0.77741 0.62398
vt 0.76336 0.62343
vt 0.80569 0.47178
vt 0.82253 0.47154
vt 0.81930 0.62151
vt 0.80544 0.62270
vt 0.85625 0.47201
vt 0.87304 0.47277
vt 0.86071 0.62251
vt 0.84701 0.62122
vt 0.78894 0.47211
vt 0.80569 0.47178
vt 0.80544 0.62270
vt 0.79148 0.62372
vt 0.83944 0.47158
vt 0.85625 0.47201
vt 0.84701 0.62122
vt 0.83320 0.62088
vt 0.77234 0.47235
vt 0.78894 0.47211
vt 0.79148 0.62372
vt 0.77741 0.62398
vt 0.82253 0.47154
vt 0.83944 0.47158
vt 0.83320 0.62088
vt 0.81930 0.62151
vt 0.77741 0.62398
vt 0.79148 0.62372
vt 0.79064 0.73650
vt 0.77981 0.73721
vt 0.81930 0.62151
vt 0.83320 0.62088
vt 0.82364 0.73573
vt 0.81249 0.73552
vt 0.86071 0.62251
vt 0.87426 0.62426
vt 0.85707 0.73813
vt 0.84589 0.73734
vt 0.76336 0.62343
vt 0.77741 0.62398
vt 0.77981 0.73721
vt 0.76878 0.73767
vt 0.80544 0.62270
vt 0.81930 0.62151
vt 0.81249 0.73552
vt 0.80147 0.73583
vt 0.84701 0.62122
vt 0.86071 0.62251
vt 0.84589 0.73734
vt 0.83481 0.73643
vt 0.79148 0.62372
vt 0.80544 0.62270
vt 0.80147 0.73583
vt 0.79064 0.73650
vt 0.83320 0.62088
vt 0.84701 0.62122
vt 0.83481 0.73643
vt 0.82364 0.73573
vt 0.79064 0.73650
vt 0.80147 0.73583
vt 0.79989 0.85912
vt 0.79283 0.85950
vt 0.82364 0.73573
vt 0.83481 0.73643
vt 0.82103 0.85784
vt 0.81400 0.85797
vt 0.77981 0.73721
vt 0.79064 0.73650
vt 0.79283 0.85950
vt 0.78574 0.85945
vt 0.81249 0.73552
vt 0.82364 0.73573
vt 0.81400 0.85797
vt 0.80692 0.85850
vt 0.84589 0.73734
vt 0.85707 0.73813
vt 0.83490 0.85905
vt 0.82795 0.85824
vt 0.76878 0.73767
vt 0.77981 0.73721
vt 0.78574 0.85945
vt 0.77859 0.85916
vt 0.80147 0.73583
vt 0.81249 0.73552
vt 0.80692 0.85850
vt 0.79989 0.85912
vt 0.83481 0.73643
vt 0.84589 0.73734
vt 0.82795 0.85824
vt 0.82103 0.85784
vt 0.79989 0.85912
vt 0.80692 0.85850
vt 0.80729 0.99359
vt 0.80342 0.99414
vt 0.82103 0.85784
vt 0.82795 0.85824
vt 0.81915 0.99370
vt 0.81528 0.99325
vt 0.79283 0.85950
vt 0.79989 0.85912
vt 0.80342 0.99414
vt 0.79964 0.99456
vt 0.81400 0.85797
vt 0.82103 0.85784
vt 0.81528 0.99325
vt 0.81126 0.99322
vt 0.78574 0.85945
vt 0.79283 0.85950
vt 0.79964 0.99456
vt 0.79582 0.99464
vt 0.80692 0.85850
vt 0.81400 0.85797
vt 0.81126 0.99322
vt 0.80729 0.99359
vt 0.82795 0.85824
vt 0.83490 0.85905
vt 0.82298 0.99434
vt 0.81915 0.99370
vt 0.77859 0.85916
vt 0.78574 0.85945
vt 0.79582 0.99464
vt 0.79202 0.99439
vt 0.82495 0.99644
vt 0.82388 0.99876
vt 0.82041 0.99995
vt 0.81657 0.99931
vt 0.81461 0.99721
vt 0.81568 0.99488
vt 0.81915 0.99370
vt 0.82298 0.99434
vt 0.84052 0.00608
vt 0.87364 0.00905
vt 0.84817 0.20258
vt 0.81864 0.20252
vt 0.73249 0.00164
vt 0.76777 0.00005
vt 0.76409 0.19581
vt 0.73682 0.19458
vt 0.80488 0.00203
vt 0.84052 0.00608
vt 0.81864 0.20252
vt 0.79086 0.19951
vt 0.90800 0.01006
vt 0.94331 0.01064
vt 0.90480 0.20129
vt 0.87694 0.20092
vt 0.87364 0.00905
vt 0.90800 0.01006
vt 0.87694 0.20092
vt 0.84817 0.20258
vt 0.76777 0.00005
vt 0.80488 0.00203
vt 0.79086 0.19951
vt 0.76409 0.19581
vt 0.76409 0.19581
vt 0.79086 0.19951
vt 0.77562 0.44243
vt 0.75420 0.43949
vt 0.81864 0.20252
vt 0.84817 0.20258
vt 0.81601 0.44756
vt 0.79563 0.44604
vt 0.73682 0.19458
vt 0.76409 0.19581
vt 0.75420 0.43949
vt 0.73249 0.44002
vt 0.79086 0.19951
vt 0.81864 0.20252
vt 0.79563 0.44604
vt 0.77562 0.44243
vt 0.87694 0.20092
vt 0.90480 0.20129
vt 0.85800 0.44496
vt 0.83674 0.44646
vt 0.84817 0.20258
vt 0.87694 0.20092
vt 0.83674 0.44646
vt 0.81601 0.44756
vt 0.77562 0.44243
vt 0.79563 0.44604
vt 0.78238 0.70085
vt 0.76691 0.69898
vt 0.83674 0.44646
vt 0.85800 0.44496
vt 0.82783 0.70283
vt 0.81273 0.70294
vt 0.81601 0.44756
vt 0.83674 0.44646
vt 0.81273 0.70294
vt 0.79768 0.70245
vt 0.75420 0.43949
vt 0.77562 0.44243
vt 0.76691 0.69898
vt 0.75170 0.69825
vt 0.79563 0.44604
vt 0.81601 0.44756
vt 0.79768 0.70245
vt 0.78238 0.70085
vt 0.73249 0.44002
vt 0.75420 0.43949
vt 0.75170 0.69825
vt 0.73659 0.69904
vt 0.75170 0.69825
vt 0.76691 0.69898
vt 0.75653 0.98865
vt 0.75004 0.98895
vt 0.78238 0.70085
vt 0.79768 0.70245
vt 0.76937 0.98921
vt 0.76297 0.98867
vt 0.73659 0.69904
vt 0.75170 0.69825
vt 0.75004 0.98895
vt 0.74327 0.98913
vt 0.76691 0.69898
vt 0.78238 0.70085
vt 0.76297 0.98867
vt 0.75653 0.98865
vt 0.81273 0.70294
vt 0.82783 0.70283
vt 0.78291 0.99096
vt 0.77599 0.99011
vt 0.79768 0.70245
vt 0.81273 0.70294
vt 0.77599 0.99011
vt 0.76937 0.98921
vt 0.77403 0.99911
vt 0.77155 0.99419
vt 0.77599 0.99011
vt 0.78291 0.99096
vt 0.78539 0.99588
vt 0.78095 0.99995
vt 0.72648 0.00005
vt 0.76215 0.00486
vt 0.76514 0.31154
vt 0.73705 0.30792
vt 0.79770 0.01017
vt 0.83214 0.01014
vt 0.82311 0.30991
vt 0.79372 0.31278
vt 0.90506 0.00005
vt 0.94297 0.00174
vt 0.90924 0.30883
vt 0.88095 0.30487
vt 0.76215 0.00486
vt 0.79770 0.01017
vt 0.79372 0.31278
vt 0.76514 0.31154
vt 0.86765 0.00489
vt 0.90506 0.00005
vt 0.88095 0.30487
vt 0.85220 0.30562
vt 0.83214 0.01014
vt 0.86765 0.00489
vt 0.85220 0.30562
vt 0.82311 0.30991
vt 0.76514 0.31154
vt 0.79372 0.31278
vt 0.81141 0.61573
vt 0.79206 0.61333
vt 0.85220 0.30562
vt 0.88095 0.30487
vt 0.86973 0.61301
vt 0.85003 0.61488
vt 0.82311 0.30991
vt 0.85220 0.30562
vt 0.85003 0.61488
vt 0.83079 0.61642
vt 0.73705 0.30792
vt 0.76514 0.31154
vt 0.79206 0.61333
vt 0.77209 0.61189
vt 0.79372 0.31278
vt 0.82311 0.30991
vt 0.83079 0.61642
vt 0.81141 0.61573
vt 0.88095 0.30487
vt 0.90924 0.30883
vt 0.88959 0.61349
vt 0.86973 0.61301
vt 0.77209 0.61189
vt 0.79206 0.61333
vt 0.80605 0.98682
vt 0.79761 0.98756
vt 0.81141 0.61573
vt 0.83079 0.61642
vt 0.82314 0.98682
vt 0.81459 0.98648
vt 0.86973 0.61301
vt 0.88959 0.61349
vt 0.84967 0.98859
vt 0.84090 0.98833
vt 0.79206 0.61333
vt 0.81141 0.61573
vt 0.81459 0.98648
vt 0.80605 0.98682
vt 0.85003 0.61488
vt 0.86973 0.61301
vt 0.84090 0.98833
vt 0.83196 0.98764
vt 0.83079 0.61642
vt 0.85003 0.61488
vt 0.83196 0.98764
vt 0.82314 0.98682
vt 0.83036 0.99926
vt 0.82669 0.99310
vt 0.83196 0.98764
vt 0.84090 0.98833
vt 0.84458 0.99449
vt 0.83930 0.99995
vt 0.89601 0.00084
vt 0.93308 0.00817
vt 0.90291 0.31229
vt 0.87599 0.30713
vt 0.75013 0.01303
vt 0.78488 0.01205
vt 0.79117 0.31075
vt 0.76235 0.31447
vt 0.85779 0.00005
vt 0.89601 0.00084
vt 0.87599 0.30713
vt 0.84792 0.30408
vt 0.71406 0.00873
vt 0.75013 0.01303
vt 0.76235 0.31447
vt 0.73374 0.31410
vt 0.82038 0.00584
vt 0.85779 0.00005
vt 0.84792 0.30408
vt 0.81962 0.30565
vt 0.78488 0.01205
vt 0.82038 0.00584
vt 0.81962 0.30565
vt 0.79117 0.31075
vt 0.73374 0.31410
vt 0.76235 0.31447
vt 0.79547 0.61440
vt 0.77598 0.61259
vt 0.81962 0.30565
vt 0.84792 0.30408
vt 0.85372 0.60990
vt 0.83410 0.61238
vt 0.79117 0.31075
vt 0.81962 0.30565
vt 0.83410 0.61238
vt 0.81491 0.61450
vt 0.87599 0.30713
vt 0.90291 0.31229
vt 0.89390 0.61252
vt 0.87414 0.60974
vt 0.76235 0.31447
vt 0.79117 0.31075
vt 0.81491 0.61450
vt 0.79547 0.61440
vt 0.84792 0.30408
vt 0.87599 0.30713
vt 0.87414 0.60974
vt 0.85372 0.60990
vt 0.87414 0.60974
vt 0.89390 0.61252
vt 0.86227 0.98851
vt 0.85346 0.98867
vt 0.79547 0.61440
vt 0.81491 0.61450
vt 0.82680 0.98767
vt 0.81817 0.98757
vt 0.85372 0.60990
vt 0.87414 0.60974
vt 0.85346 0.98867
vt 0.84477 0.98867
vt 0.77598 0.61259
vt 0.79547 0.61440
vt 0.81817 0.98757
vt 0.80958 0.98816
vt 0.83410 0.61238
vt 0.85372 0.60990
vt 0.84477 0.98867
vt 0.83573 0.98824
vt 0.81491 0.61450
vt 0.83410 0.61238
vt 0.83573 0.98824
vt 0.82680 0.98767
vt 0.85346 0.99995
vt 0.84477 0.99995
vt 0.84043 0.99431
vt 0.84477 0.98867
vt 0.85346 0.98867
vt 0.85780 0.99431
vt 0.72027 0.00522
vt 0.75613 0.00900
vt 0.77492 0.31509
vt 0.74669 0.31229
vt 0.79190 0.01327
vt 0.82627 0.01224
vt 0.83272 0.31178
vt 0.80352 0.31550
vt 0.89856 0.00005
vt 0.93649 0.00064
vt 0.91865 0.30821
vt 0.89020 0.30507
vt 0.75613 0.00900
vt 0.79190 0.01327
vt 0.80352 0.31550
vt 0.77492 0.31509
vt 0.86146 0.00596
vt 0.89856 0.00005
vt 0.89020 0.30507
vt 0.86154 0.30665
vt 0.82627 0.01224
vt 0.86146 0.00596
vt 0.86154 0.30665
vt 0.83272 0.31178
vt 0.77492 0.31509
vt 0.80352 0.31550
vt 0.83680 0.61744
vt 0.81736 0.61560
vt 0.86154 0.30665
vt 0.89020 0.30507
vt 0.89489 0.61303
vt 0.87531 0.61547
vt 0.83272 0.31178
vt 0.86154 0.30665
vt 0.87531 0.61547
vt 0.85618 0.61756
vt 0.74669 0.31229
vt 0.77492 0.31509
vt 0.81736 0.61560
vt 0.79735 0.61474
vt 0.80352 0.31550
vt 0.83272 0.31178
vt 0.85618 0.61756
vt 0.83680 0.61744
vt 0.89020 0.30507
vt 0.91865 0.30821
vt 0.91474 0.61293
vt 0.89489 0.61303
vt 0.79735 0.61474
vt 0.81736 0.61560
vt 0.85058 0.98807
vt 0.84219 0.98905
vt 0.83680 0.61744
vt 0.85618 0.61756
vt 0.86764 0.98758
vt 0.85909 0.98748
vt 0.89489 0.61303
vt 0.91474 0.61293
vt 0.89422 0.98857
vt 0.88546 0.98857
vt 0.81736 0.61560
vt 0.83680 0.61744
vt 0.85909 0.98748
vt 0.85058 0.98807
vt 0.87531 0.61547
vt 0.89489 0.61303
vt 0.88546 0.98857
vt 0.87649 0.98814
vt 0.85618 0.61756
vt 0.87531 0.61547
vt 0.87649 0.98814
vt 0.86764 0.98758
vt 0.89422 0.99995
vt 0.88545 0.99995
vt 0.88107 0.99426
vt 0.88546 0.98857
vt 0.89422 0.98857
vt 0.89860 0.99426
vt 0.39096 0.29308
vt 0.66296 0.47348
vt 0.52797 0.51472
vt 0.65830 0.20320
vt 0.66296 0.47348
vt 0.39096 0.29308
vt 0.01523 0.04760
vt 0.32770 -0.00103
vt 0.34392 0.12174
vt 0.34392 0.12174
vt 0.32770 -0.00103
vt 0.65194 0.00563
vt 0.65830 0.20320
vt 0.39096 0.29308
vt 0.34392 0.12174
vt 0.65830 0.20320
vt 0.34392 0.12174
vt 0.65194 0.00563
vt 0.39096 0.29308
vt 0.52797 0.51472
vt 0.26519 0.48063
vt 0.39096 0.29308
vt 0.26519 0.48063
vt 0.02318 0.27281
vt 0.39096 0.29308
vt 0.02318 0.27281
vt 0.34392 0.12174
vt 0.34392 0.12174
vt 0.02318 0.27281
vt 0.01523 0.04760
vt 0.39096 0.29308
vt 0.66296 0.47348
vt 0.52797 0.51472
vt 0.65830 0.20320
vt 0.66296 0.47348
vt 0.39096 0.29308
vt 0.01523 0.04760
vt 0.32770 -0.00103
vt 0.34392 0.12174
vt 0.34392 0.12174
vt 0.32770 -0.00103
vt 0.65194 0.00563
vt 0.65830 0.20320
vt 0.39096 0.29308
vt 0.34392 0.12174
vt 0.65830 0.20320
vt 0.34392 0.12174
vt 0.65194 0.00563
vt 0.39096 0.29308
vt 0.52797 0.51472
vt 0.26519 0.48063
vt 0.39096 0.29308
vt 0.26519 0.48063
vt 0.02318 0.27281
vt 0.39096 0.29308
vt 0.02318 0.27281
vt 0.34392 0.12174
vt 0.34392 0.12174
vt 0.02318 0.27281
vt 0.01523 0.04760
vt 0.39096 0.29308
vt 0.66296 0.47348
vt 0.52797 0.51472
vt 0.65830 0.20320
vt 0.66296 0.47348
vt 0.39096 0.29308
vt 0.01523 0.04760
vt 0.32770 -0.00103
vt 0.34392 0.12174
vt 0.34392 0.12174
vt 0.32770 -0.00103
vt 0.65194 0.00563
vt 0.65830 0.20320
vt 0.39096 0.29308
vt 0.34392 0.12174
vt 0.65830 0.20320
vt 0.34392 0.12174
vt 0.65194 0.00563
vt 0.39096 0.29308
vt 0.52797 0.51472
vt 0.26519 0.48063
vt 0.39096 0.29308
vt 0.26519 0.48063
vt 0.02318 0.27281
vt 0.39096 0.29308
vt 0.02318 0.27281
vt 0.34392 0.12174
vt 0.34392 0.12174
vt 0.02318 0.27281
vt 0.01523 0.04760
vt 0.39096 0.29308
vt 0.66296 0.47348
vt 0.52797 0.51472
vt 0.65830 0.20320
vt 0.66296 0.47348
vt 0.39096 0.29308
vt 0.01523 0.04760
vt 0.32770 -0.00103
vt 0.34392 0.12174
vt 0.34392 0.12174
vt 0.32770 -0.00103
vt 0.65194 0.00563
vt 0.65830 0.20320
vt 0.39096 0.29308
vt 0.34392 0.12174
vt 0.65830 0.20320
vt 0.34392 0.12174
vt 0.65194 0.00563
vt 0.39096 0.29308
vt 0.52797 0.51472
vt 0.26519 0.48063
vt 0.39096 0.29308
vt 0.26519 0.48063
vt 0.02318 0.27281
vt 0.39096 0.29308
vt 0.02318 0.27281
vt 0.34392 0.12174
vt 0.34392 0.12174
vt 0.02318 0.27281
vt 0.01523 0.04760
vt 0.39096 0.29308
vt 0.66296 0.47348
vt 0.52797 0.51472
vt 0.65830 0.20320
vt 0.66296 0.47348
vt 0.39096 0.29308
vt 0.01523 0.04760
vt 0.32770 -0.00103
vt 0.34392 0.12174
vt 0.34392 0.12174
vt 0.32770 -0.00103
vt 0.65194 0.00563
vt 0.65830 0.20320
vt 0.39096 0.29308
vt 0.34392 0.12174
vt 0.65830 0.20320
vt 0.34392 0.12174
vt 0.65194 0.00563
vt 0.39096 0.29308
vt 0.52797 0.51472
vt 0.26519 0.48063
vt 0.39096 0.29308
vt 0.26519 0.48063
vt 0.02318 0.27281
vt 0.39096 0.29308
vt 0.02318 0.27281
vt 0.34392 0.12174
vt 0.34392 0.12174
vt 0.02318 0.27281
vt 0.01523 0.04760
vt 0.39096 0.29308
vt 0.66296 0.47348
vt 0.52797 0.51472
vt 0.65830 0.20320
vt 0.66296 0.47348
vt 0.39096 0.29308
vt 0.01523 0.04760
vt 0.32770 -0.00103
vt 0.34392 0.12174
vt 0.34392 0.12174
vt 0.32770 -0.00103
vt 0.65194 0.00563
vt 0.65830 0.20320
vt 0.39096 0.29308
vt 0.34392 0.12174
vt 0.65830 0.20320
vt 0.34392 0.12174
vt 0.65194 0.00563
vt 0.39096 0.29308
vt 0.52797 0.51472
vt 0.26519 0.48063
vt 0.39096 0.29308
vt 0.26519 0.48063
vt 0.02318 0.27281
vt 0.39096 0.29308
vt 0.02318 0.27281
vt 0.34392 0.12174
vt 0.34392 0.12174
vt 0.02318 0.27281
vt 0.01523 0.04760
vt 0.39096 0.29308
vt 0.66296 0.47348
vt 0.52797 0.51472
vt 0.65830 0.20320
vt 0.66296 0.47348
vt 0.39096 0.29308
vt 0.01523 0.04760
vt 0.32770 -0.00103
vt 0.34392 0.12174
vt 0.34392 0.12174
vt 0.32770 -0.00103
vt 0.65194 0.00563
vt 0.65830 0.20320
vt 0.39096 0.29308
vt 0.34392 0.12174
vt 0.65830 0.20320
vt 0.34392 0.12174
vt 0.65194 0.00563
vt 0.39096 0.29308
vt 0.52797 0.51472
vt 0.26519 0.48063
vt 0.39096 0.29308
vt 0.26519 0.48063
vt 0.02318 0.27281
vt 0.39096 0.29308
vt 0.02318 0.27281
vt 0.34392 0.12174
vt 0.34392 0.12174
vt 0.02318 0.27281
vt 0.01523 0.04760
vt 0.39096 0.29308
vt 0.66296 0.47348
vt 0.52797 0.51472
vt 0.65830 0.20320
vt 0.66296 0.47348
vt 0.39096 0.29308
vt 0.01523 0.04760
vt 0.32770 -0.00103
vt 0.34392 0.12174
vt 0.34392 0.12174
vt 0.32770 -0.00103
vt 0.65194 0.00563
vt 0.65830 0.20320
vt 0.39096 0.29308
vt 0.34392 0.12174
vt 0.65830 0.20320
vt 0.34392 0.12174
vt 0.65194 0.00563
vt 0.39096 0.29308
vt 0.52797 0.51472
vt 0.26519 0.48063
vt 0.39096 0.29308
vt 0.26519 0.48063
vt 0.02318 0.27281
vt 0.39096 0.29308
vt 0.02318 0.27281
vt 0.34392 0.12174
vt 0.34392 0.12174
vt 0.02318 0.27281
vt 0.01523 0.04760
vt 0.39096 0.29308
vt 0.66296 0.47348
vt 0.52797 0.51472
vt 0.65830 0.20320
vt 0.66296 0.47348
vt 0.39096 0.29308
vt 0.01523 0.04760
vt 0.32770 -0.00103
vt 0.34392 0.12174
vt 0.34392 0.12174
vt 0.32770 -0.00103
vt 0.65194 0.00563
vt 0.65830 0.20320
vt 0.39096 0.29308
vt 0.34392 0.12174
vt 0.65830 0.20320
vt 0.34392 0.12174
vt 0.65194 0.00563
vt 0.39096 0.29308
vt 0.52797 0.51472
vt 0.26519 0.48063
vt 0.39096 0.29308
vt 0.26519 0.48063
vt 0.02318 0.27281
vt 0.39096 0.29308
vt 0.02318 0.27281
vt 0.34392 0.12174
vt 0.34392 0.12174
vt 0.02318 0.27281
vt 0.01523 0.04760
vt 0.39096 0.29308
vt 0.66296 0.47348
vt 0.52797 0.51472
vt 0.65830 0.20320
vt 0.66296 0.47348
vt 0.39096 0.29308
vt 0.01523 0.04760
vt 0.32770 -0.00103
vt 0.34392 0.12174
vt 0.34392 0.12174
vt 0.32770 -0.00103
vt 0.65194 0.00563
vt 0.65830 0.20320
vt 0.39096 0.29308
vt 0.34392 0.12174
vt 0.65830 0.20320
vt 0.34392 0.12174
vt 0.65194 0.00563
vt 0.39096 0.29308
vt 0.52797 0.51472
vt 0.26519 0.48063
vt 0.39096 0.29308
vt 0.26519 0.48063
vt 0.02318 0.27281
vt 0.39096 0.29308
vt 0.02318 0.27281
vt 0.34392 0.12174
vt 0.34392 0.12174
vt 0.02318 0.27281
vt 0.01523 0.04760
vt 0.39096 0.29308
vt 0.66296 0.47348
vt 0.52797 0.51472
vt 0.65830 0.20320
vt 0.66296 0.47348
vt 0.39096 0.29308
vt 0.01523 0.04760
vt 0.32770 -0.00103
vt 0.34392 0.12174
vt 0.34392 0.12174
vt 0.32770 -0.00103
vt 0.65194 0.00563
vt 0.65830 0.20320
vt 0.39096 0.29308
vt 0.34392 0.12174
vt 0.65830 0.20320
vt 0.34392 0.12174
vt 0.65194 0.00563
vt 0.39096 0.29308
vt 0.52797 0.51472
vt 0.26519 0.48063
vt 0.39096 0.29308
vt 0.26519 0.48063
vt 0.02318 0.27281
vt 0.39096 0.29308
vt 0.02318 0.27281
vt 0.34392 0.12174
vt 0.34392 0.12174
vt 0.02318 0.27281
vt 0.01523 0.04760
vt 0.32281 0.81215
vt 0.65991 0.89642
vt 0.45880 1.00023
vt 0.65830 0.70320
vt 0.65991 0.89642
vt 0.32281 0.81215
vt 0.00709 0.59032
vt 0.33564 0.49821
vt 0.32866 0.61564
vt 0.32866 0.61564
vt 0.33564 0.49821
vt 0.46171 0.52776
vt 0.65830 0.70320
vt 0.32281 0.81215
vt 0.32866 0.61564
vt 0.65830 0.70320
vt 0.32866 0.61564
vt 0.46171 0.52776
vt 0.32281 0.81215
vt 0.45880 1.00023
vt 0.25502 0.97109
vt 0.32281 0.81215
vt 0.25502 0.97109
vt 0.00283 0.84606
vt 0.32281 0.81215
vt 0.00283 0.84606
vt 0.32866 0.61564
vt 0.32866 0.61564
vt 0.00283 0.84606
vt 0.00709 0.59032
vt 0.39096 0.29308
vt 0.66296 0.47348
vt 0.52797 0.51472
vt 0.65830 0.20320
vt 0.66296 0.47348
vt 0.39096 0.29308
vt 0.01523 0.04760
vt 0.32770 -0.00103
vt 0.34392 0.12174
vt 0.34392 0.12174
vt 0.32770 -0.00103
vt 0.65194 0.00563
vt 0.65830 0.20320
vt 0.39096 0.29308
vt 0.34392 0.12174
vt 0.65830 0.20320
vt 0.34392 0.12174
vt 0.65194 0.00563
vt 0.39096 0.29308
vt 0.52797 0.51472
vt 0.26519 0.48063
vt 0.39096 0.29308
vt 0.26519 0.48063
vt 0.02318 0.27281
vt 0.39096 0.29308
vt 0.02318 0.27281
vt 0.34392 0.12174
vt 0.34392 0.12174
vt 0.02318 0.27281
vt 0.01523 0.04760
vt 0.32281 0.81215
vt 0.65991 0.89642
vt 0.45880 1.00023
vt 0.65830 0.70320
vt 0.65991 0.89642
vt 0.32281 0.81215
vt 0.00709 0.59032
vt 0.33564 0.49821
vt 0.32866 0.61564
vt 0.32866 0.61564
vt 0.33564 0.49821
vt 0.46171 0.52776
vt 0.65830 0.70320
vt 0.32281 0.81215
vt 0.32866 0.61564
vt 0.65830 0.70320
vt 0.32866 0.61564
vt 0.46171 0.52776
vt 0.32281 0.81215
vt 0.45880 1.00023
vt 0.25502 0.97109
vt 0.32281 0.81215
vt 0.25502 0.97109
vt 0.00283 0.84606
vt 0.32281 0.81215
vt 0.00283 0.84606
vt 0.32866 0.61564
vt 0.32866 0.61564
vt 0.00283 0.84606
vt 0.00709 0.59032
vt 0.32281 0.81215
vt 0.65991 0.89642
vt 0.45880 1.00023
vt 0.65830 0.70320
vt 0.65991 0.89642
vt 0.32281 0.81215
vt 0.00709 0.59032
vt 0.33564 0.49821
vt 0.32866 0.61564
vt 0.32866 0.61564
vt 0.33564 0.49821
vt 0.46171 0.52776
vt 0.65830 0.70320
vt 0.32281 0.81215
vt 0.32866 0.61564
vt 0.65830 0.70320
vt 0.32866 0.61564
vt 0.46171 0.52776
vt 0.32281 0.81215
vt 0.45880 1.00023
vt 0.25502 0.97109
vt 0.32281 0.81215
vt 0.25502 0.97109
vt 0.00283 0.84606
vt 0.32281 0.81215
vt 0.00283 0.84606
vt 0.32866 0.61564
vt 0.32866 0.61564
vt 0.00283 0.84606
vt 0.00709 0.59032
vt 0.32281 0.81215
vt 0.65991 0.89642
vt 0.45880 1.00023
vt 0.65830 0.70320
vt 0.65991 0.89642
vt 0.32281 0.81215
vt 0.00709 0.59032
vt 0.33564 0.49821
vt 0.32866 0.61564
vt 0.32866 0.61564
vt 0.33564 0.49821
vt 0.46171 0.52776
vt 0.65830 0.70320
vt 0.32281 0.81215
vt 0.32866 0.61564
vt 0.65830 0.70320
vt 0.32866 0.61564
vt 0.46171 0.52776
vt 0.32281 0.81215
vt 0.45880 1.00023
vt 0.25502 0.97109
vt 0.32281 0.81215
vt 0.25502 0.97109
vt 0.00283 0.84606
vt 0.32281 0.81215
vt 0.00283 0.84606
vt 0.32866 0.61564
vt 0.32866 0.61564
vt 0.00283 0.84606
vt 0.00709 0.59032
vt 0.32281 0.81215
vt 0.65991 0.89642
vt 0.45880 1.00023
vt 0.65830 0.70320
vt 0.65991 0.89642
vt 0.32281 0.81215
vt 0.00709 0.59032
vt 0.33564 0.49821
vt 0.32866 0.61564
vt 0.32866 0.61564
vt 0.33564 0.49821
vt 0.46171 0.52776
vt 0.65830 0.70320
vt 0.32281 0.81215
vt 0.32866 0.61564
vt 0.65830 0.70320
vt 0.32866 0.61564
vt 0.46171 0.52776
vt 0.32281 0.81215
vt 0.45880 1.00023
vt 0.25502 0.97109
vt 0.32281 0.81215
vt 0.25502 0.97109
vt 0.00283 0.84606
vt 0.32281 0.81215
vt 0.00283 0.84606
vt 0.32866 0.61564
vt 0.32866 0.61564
vt 0.00283 0.84606
vt 0.00709 0.59032
vt 0.39096 0.29308
vt 0.66296 0.47348
vt 0.52797 0.51472
vt 0.65830 0.20320
vt 0.66296 0.47348
vt 0.39096 0.29308
vt 0.01523 0.04760
vt 0.32770 -0.00103
vt 0.34392 0.12174
vt 0.34392 0.12174
vt 0.32770 -0.00103
vt 0.65194 0.00563
vt 0.65830 0.20320
vt 0.39096 0.29308
vt 0.34392 0.12174
vt 0.65830 0.20320
vt 0.34392 0.12174
vt 0.65194 0.00563
vt 0.39096 0.29308
vt 0.52797 0.51472
vt 0.26519 0.48063
vt 0.39096 0.29308
vt 0.26519 0.48063
vt 0.02318 0.27281
vt 0.39096 0.29308
vt 0.02318 0.27281
vt 0.34392 0.12174
vt 0.34392 0.12174
vt 0.02318 0.27281
vt 0.01523 0.04760
vt 0.39096 0.29308
vt 0.66296 0.47348
vt 0.52797 0.51472
vt 0.65830 0.20320
vt 0.66296 0.47348
vt 0.39096 0.29308
vt 0.01523 0.04760
vt 0.32770 -0.00103
vt 0.34392 0.12174
vt 0.34392 0.12174
vt 0.32770 -0.00103
vt 0.65194 0.00563
vt 0.65830 0.20320
vt 0.39096 0.29308
vt 0.34392 0.12174
vt 0.65830 0.20320
vt 0.34392 0.12174
vt 0.65194 0.00563
vt 0.39096 0.29308
vt 0.52797 0.51472
vt 0.26519 0.48063
vt 0.39096 0.29308
vt 0.26519 0.48063
vt 0.02318 0.27281
vt 0.39096 0.29308
vt 0.02318 0.27281
vt 0.34392 0.12174
vt 0.34392 0.12174
vt 0.02318 0.27281
vt 0.01523 0.04760
vt 0.39096 0.29308
vt 0.66296 0.47348
vt 0.52797 0.51472
vt 0.65830 0.20320
vt 0.66296 0.47348
vt 0.39096 0.29308
vt 0.01523 0.04760
vt 0.32770 -0.00103
vt 0.34392 0.12174
vt 0.34392 0.12174
vt 0.32770 -0.00103
vt 0.65194 0.00563
vt 0.65830 0.20320
vt 0.39096 0.29308
vt 0.34392 0.12174
vt 0.65830 0.20320
vt 0.34392 0.12174
vt 0.65194 0.00563
vt 0.39096 0.29308
vt 0.52797 0.51472
vt 0.26519 0.48063
vt 0.39096 0.29308
vt 0.26519 0.48063
vt 0.02318 0.27281
vt 0.39096 0.29308
vt 0.02318 0.27281
vt 0.34392 0.12174
vt 0.34392 0.12174
vt 0.02318 0.27281
vt 0.01523 0.04760
vt 0.39096 0.29308
vt 0.66296 0.47348
vt 0.52797 0.51472
vt 0.65830 0.20320
vt 0.66296 0.47348
vt 0.39096 0.29308
vt 0.01523 0.04760
vt 0.32770 -0.00103
vt 0.34392 0.12174
vt 0.34392 0.12174
vt 0.32770 -0.00103
vt 0.65194 0.00563
vt 0.65830 0.20320
vt 0.39096 0.29308
vt 0.34392 0.12174
vt 0.65830 0.20320
vt 0.34392 0.12174
vt 0.65194 0.00563
vt 0.39096 0.29308
vt 0.52797 0.51472
vt 0.26519 0.48063
vt 0.39096 0.29308
vt 0.26519 0.48063
vt 0.02318 0.27281
vt 0.39096 0.29308
vt 0.02318 0.27281
vt 0.34392 0.12174
vt 0.34392 0.12174
vt 0.02318 0.27281
vt 0.01523 0.04760
vt 0.39096 0.29308
vt 0.66296 0.47348
vt 0.52797 0.51472
vt 0.65830 0.20320
vt 0.66296 0.47348
vt 0.39096 0.29308
vt 0.01523 0.04760
vt 0.32770 -0.00103
vt 0.34392 0.12174
vt 0.34392 0.12174
vt 0.32770 -0.00103
vt 0.65194 0.00563
vt 0.65830 0.20320
vt 0.39096 0.29308
vt 0.34392 0.12174
vt 0.65830 0.20320
vt 0.34392 0.12174
vt 0.65194 0.00563
vt 0.39096 0.29308
vt 0.52797 0.51472
vt 0.26519 0.48063
vt 0.39096 0.29308
vt 0.26519 0.48063
vt 0.02318 0.27281
vt 0.39096 0.29308
vt 0.02318 0.27281
vt 0.34392 0.12174
vt 0.34392 0.12174
vt 0.02318 0.27281
vt 0.01523 0.04760
vt 0.39096 0.29308
vt 0.66296 0.47348
vt 0.52797 0.51472
vt 0.65830 0.20320
vt 0.66296 0.47348
vt 0.39096 0.29308
vt 0.01523 0.04760
vt 0.32770 -0.00103
vt 0.34392 0.12174
vt 0.34392 0.12174
vt 0.32770 -0.00103
vt 0.65194 0.00563
vt 0.65830 0.20320
vt 0.39096 0.29308
vt 0.34392 0.12174
vt 0.65830 0.20320
vt 0.34392 0.12174
vt 0.65194 0.00563
vt 0.39096 0.29308
vt 0.52797 0.51472
vt 0.26519 0.48063
vt 0.39096 0.29308
vt 0.26519 0.48063
vt 0.02318 0.27281
vt 0.39096 0.29308
vt 0.02318 0.27281
vt 0.34392 0.12174
vt 0.34392 0.12174
vt 0.02318 0.27281
vt 0.01523 0.04760
vt 0.39096 0.29308
vt 0.66296 0.47348
vt 0.52797 0.51472
vt 0.65830 0.20320
vt 0.66296 0.47348
vt 0.39096 0.29308
vt 0.01523 0.04760
vt 0.32770 -0.00103
vt 0.34392 0.12174
vt 0.34392 0.12174
vt 0.32770 -0.00103
vt 0.65194 0.00563
vt 0.65830 0.20320
vt 0.39096 0.29308
vt 0.34392 0.12174
vt 0.65830 0.20320
vt 0.34392 0.12174
vt 0.65194 0.00563
vt 0.39096 0.29308
vt 0.52797 0.51472
vt 0.26519 0.48063
vt 0.39096 0.29308
vt 0.26519 0.48063
vt 0.02318 0.27281
vt 0.39096 0.29308
vt 0.02318 0.27281
vt 0.34392 0.12174
vt 0.34392 0.12174
vt 0.02318 0.27281
vt 0.01523 0.04760
vt 0.32281 0.81215
vt 0.65991 0.89642
vt 0.45880 1.00023
vt 0.65830 0.70320
vt 0.65991 0.89642
vt 0.32281 0.81215
vt 0.00709 0.59032
vt 0.33564 0.49821
vt 0.32866 0.61564
vt 0.32866 0.61564
vt 0.33564 0.49821
vt 0.46171 0.52776
vt 0.65830 0.70320
vt 0.32281 0.81215
vt 0.32866 0.61564
vt 0.65830 0.70320
vt 0.32866 0.61564
vt 0.46171 0.52776
vt 0.32281 0.81215
vt 0.45880 1.00023
vt 0.25502 0.97109
vt 0.32281 0.81215
vt 0.25502 0.97109
vt 0.00283 0.84606
vt 0.32281 0.81215
vt 0.00283 0.84606
vt 0.32866 0.61564
vt 0.32866 0.61564
vt 0.00283 0.84606
vt 0.00709 0.59032
vt 0.32281 0.81215
vt 0.65991 0.89642
vt 0.45880 1.00023
vt 0.65830 0.70320
vt 0.65991 0.89642
vt 0.32281 0.81215
vt 0.00709 0.59032
vt 0.33564 0.49821
vt 0.32866 0.61564
vt 0.32866 0.61564
vt 0.33564 0.49821
vt 0.46171 0.52776
vt 0.65830 0.70320
vt 0.32281 0.81215
vt 0.32866 0.61564
vt 0.65830 0.70320
vt 0.32866 0.61564
vt 0.46171 0.52776
vt 0.32281 0.81215
vt 0.45880 1.00023
vt 0.25502 0.97109
vt 0.32281 0.81215
vt 0.25502 0.97109
vt 0.00283 0.84606
vt 0.32281 0.81215
vt 0.00283 0.84606
vt 0.32866 0.61564
vt 0.32866 0.61564
vt 0.00283 0.84606
vt 0.00709 0.59032
vt 0.39096 0.29308
vt 0.66296 0.47348
vt 0.52797 0.51472
vt 0.65830 0.20320
vt 0.66296 0.47348
vt 0.39096 0.29308
vt 0.01523 0.04760
vt 0.32770 -0.00103
vt 0.34392 0.12174
vt 0.34392 0.12174
vt 0.32770 -0.00103
vt 0.65194 0.00563
vt 0.65830 0.20320
vt 0.39096 0.29308
vt 0.34392 0.12174
vt 0.65830 0.20320
vt 0.34392 0.12174
vt 0.65194 0.00563
vt 0.39096 0.29308
vt 0.52797 0.51472
vt 0.26519 0.48063
vt 0.39096 0.29308
vt 0.26519 0.48063
vt 0.02318 0.27281
vt 0.39096 0.29308
vt 0.02318 0.27281
vt 0.34392 0.12174
vt 0.34392 0.12174
vt 0.02318 0.27281
vt 0.01523 0.04760
vt 0.39096 0.29308
vt 0.66296 0.47348
vt 0.52797 0.51472
vt 0.65830 0.20320
vt 0.66296 0.47348
vt 0.39096 0.29308
vt 0.01523 0.04760
vt 0.32770 -0.00103
vt 0.34392 0.12174
vt 0.34392 0.12174
vt 0.32770 -0.00103
vt 0.65194 0.00563
vt 0.65830 0.20320
vt 0.39096 0.29308
vt 0.34392 0.12174
vt 0.65830 0.20320
vt 0.34392 0.12174
vt 0.65194 0.00563
vt 0.39096 0.29308
vt 0.52797 0.51472
vt 0.26519 0.48063
vt 0.39096 0.29308
vt 0.26519 0.48063
vt 0.02318 0.27281
vt 0.39096 0.29308
vt 0.02318 0.27281
vt 0.34392 0.12174
vt 0.34392 0.12174
vt 0.02318 0.27281
vt 0.01523 0.04760
vt 0.39096 0.29308
vt 0.66296 0.47348
vt 0.52797 0.51472
vt 0.65830 0.20320
vt 0.66296 0.47348
vt 0.39096 0.29308
vt 0.01523 0.04760
vt 0.32770 -0.00103
vt 0.34392 0.12174
vt 0.34392 0.12174
vt 0.32770 -0.00103
vt 0.65194 0.00563
vt 0.65830 0.20320
vt 0.39096 0.29308
vt 0.34392 0.12174
vt 0.65830 0.20320
vt 0.34392 0.12174
vt 0.65194 0.00563
vt 0.39096 0.29308
vt 0.52797 0.51472
vt 0.26519 0.48063
vt 0.39096 0.29308
vt 0.26519 0.48063
vt 0.02318 0.27281
vt 0.39096 0.29308
vt 0.02318 0.27281
vt 0.34392 0.12174
vt 0.34392 0.12174
vt 0.02318 0.27281
vt 0.01523 0.04760
vt 0.39096 0.29308
vt 0.66296 0.47348
vt 0.52797 0.51472
vt 0.65830 0.20320
vt 0.66296 0.47348
vt 0.39096 0.29308
vt 0.01523 0.04760
vt 0.32770 -0.00103
vt 0.34392 0.12174
vt 0.34392 0.12174
vt 0.32770 -0.00103
vt 0.65194 0.00563
vt 0.65830 0.20320
vt 0.39096 0.29308
vt 0.34392 0.12174
vt 0.65830 0.20320
vt 0.34392 0.12174
vt 0.65194 0.00563
vt 0.39096 0.29308
vt 0.52797 0.51472
vt 0.26519 0.48063
vt 0.39096 0.29308
vt 0.26519 0.48063
vt 0.02318 0.27281
vt 0.39096 0.29308
vt 0.02318 0.27281
vt 0.34392 0.12174
vt 0.34392 0.12174
vt 0.02318 0.27281
vt 0.01523 0.04760
vt 0.39096 0.29308
vt 0.66296 0.47348
vt 0.52797 0.51472
vt 0.65830 0.20320
vt 0.66296 0.47348
vt 0.39096 0.29308
vt 0.01523 0.04760
vt 0.32770 -0.00103
vt 0.34392 0.12174
vt 0.34392 0.12174
vt 0.32770 -0.00103
vt 0.65194 0.00563
vt 0.65830 0.20320
vt 0.39096 0.29308
vt 0.34392 0.12174
vt 0.65830 0.20320
vt 0.34392 0.12174
vt 0.65194 0.00563
vt 0.39096 0.29308
vt 0.52797 0.51472
vt 0.26519 0.48063
vt 0.39096 0.29308
vt 0.26519 0.48063
vt 0.02318 0.27281
vt 0.39096 0.29308
vt 0.02318 0.27281
vt 0.34392 0.12174
vt 0.34392 0.12174
vt 0.02318 0.27281
vt 0.01523 0.04760
vt 0.39096 0.29308
vt 0.66296 0.47348
vt 0.52797 0.51472
vt 0.65830 0.20320
vt 0.66296 0.47348
vt 0.39096 0.29308
vt 0.01523 0.04760
vt 0.32770 -0.00103
vt 0.34392 0.12174
vt 0.34392 0.12174
vt 0.32770 -0.00103
vt 0.65194 0.00563
vt 0.65830 0.20320
vt 0.39096 0.29308
vt 0.34392 0.12174
vt 0.65830 0.20320
vt 0.34392 0.12174
vt 0.65194 0.00563
vt 0.39096 0.29308
vt 0.52797 0.51472
vt 0.26519 0.48063
vt 0.39096 0.29308
vt 0.26519 0.48063
vt 0.02318 0.27281
vt 0.39096 0.29308
vt 0.02318 0.27281
vt 0.34392 0.12174
vt 0.34392 0.12174
vt 0.02318 0.27281
vt 0.01523 0.04760
vt 0.39096 0.29308
vt 0.66296 0.47348
vt 0.52797 0.51472
vt 0.65830 0.20320
vt 0.66296 0.47348
vt 0.39096 0.29308
vt 0.01523 0.04760
vt 0.32770 -0.00103
vt 0.34392 0.12174
vt 0.34392 0.12174
vt 0.32770 -0.00103
vt 0.65194 0.00563
vt 0.65830 0.20320
vt 0.39096 0.29308
vt 0.34392 0.12174
vt 0.65830 0.20320
vt 0.34392 0.12174
vt 0.65194 0.00563
vt 0.39096 0.29308
vt 0.52797 0.51472
vt 0.26519 0.48063
vt 0.39096 0.29308
vt 0.26519 0.48063
vt 0.02318 0.27281
vt 0.39096 0.29308
vt 0.02318 0.27281
vt 0.34392 0.12174
vt 0.34392 0.12174
vt 0.02318 0.27281
vt 0.01523 0.04760
vt 0.32281 0.81215
vt 0.65991 0.89642
vt 0.45880 1.00023
vt 0.65830 0.70320
vt 0.65991 0.89642
vt 0.32281 0.81215
vt 0.00709 0.59032
vt 0.33564 0.49821
vt 0.32866 0.61564
vt 0.32866 0.61564
vt 0.33564 0.49821
vt 0.46171 0.52776
vt 0.65830 0.70320
vt 0.32281 0.81215
vt 0.32866 0.61564
vt 0.65830 0.70320
vt 0.32866 0.61564
vt 0.46171 0.52776
vt 0.32281 0.81215
vt 0.45880 1.00023
vt 0.25502 0.97109
vt 0.32281 0.81215
vt 0.25502 0.97109
vt 0.00283 0.84606
vt 0.32281 0.81215
vt 0.00283 0.84606
vt 0.32866 0.61564
vt 0.32866 0.61564
vt 0.00283 0.84606
vt 0.00709 0.59032
vt 0.39096 0.29308
vt 0.66296 0.47348
vt 0.52797 0.51472
vt 0.65830 0.20320
vt 0.66296 0.47348
vt 0.39096 0.29308
vt 0.01523 0.04760
vt 0.32770 -0.00103
vt 0.34392 0.12174
vt 0.34392 0.12174
vt 0.32770 -0.00103
vt 0.65194 0.00563
vt 0.65830 0.20320
vt 0.39096 0.29308
vt 0.34392 0.12174
vt 0.65830 0.20320
vt 0.34392 0.12174
vt 0.65194 0.00563
vt 0.39096 0.29308
vt 0.52797 0.51472
vt 0.26519 0.48063
vt 0.39096 0.29308
vt 0.26519 0.48063
vt 0.02318 0.27281
vt 0.39096 0.29308
vt 0.02318 0.27281
vt 0.34392 0.12174
vt 0.34392 0.12174
vt 0.02318 0.27281
vt 0.01523 0.04760
vt 0.39096 0.29308
vt 0.66296 0.47348
vt 0.52797 0.51472
vt 0.65830 0.20320
vt 0.66296 0.47348
vt 0.39096 0.29308
vt 0.01523 0.04760
vt 0.32770 -0.00103
vt 0.34392 0.12174
vt 0.34392 0.12174
vt 0.32770 -0.00103
vt 0.65194 0.00563
vt 0.65830 0.20320
vt 0.39096 0.29308
vt 0.34392 0.12174
vt 0.65830 0.20320
vt 0.34392 0.12174
vt 0.65194 0.00563
vt 0.39096 0.29308
vt 0.52797 0.51472
vt 0.26519 0.48063
vt 0.39096 0.29308
vt 0.26519 0.48063
vt 0.02318 0.27281
vt 0.39096 0.29308
vt 0.02318 0.27281
vt 0.34392 0.12174
vt 0.34392 0.12174
vt 0.02318 0.27281
vt 0.01523 0.04760
vt 0.39096 0.29308
vt 0.66296 0.47348
vt 0.52797 0.51472
vt 0.65830 0.20320
vt 0.66296 0.47348
vt 0.39096 0.29308
vt 0.01523 0.04760
vt 0.32770 -0.00103
vt 0.34392 0.12174
vt 0.34392 0.12174
vt 0.32770 -0.00103
vt 0.65194 0.00563
vt 0.65830 0.20320
vt 0.39096 0.29308
vt 0.34392 0.12174
vt 0.65830 0.20320
vt 0.34392 0.12174
vt 0.65194 0.00563
vt 0.39096 0.29308
vt 0.52797 0.51472
vt 0.26519 0.48063
vt 0.39096 0.29308
vt 0.26519 0.48063
vt 0.02318 0.27281
vt 0.39096 0.29308
vt 0.02318 0.27281
vt 0.34392 0.12174
vt 0.34392 0.12174
vt 0.02318 0.27281
vt 0.01523 0.04760
vt 0.39096 0.29308
vt 0.66296 0.47348
vt 0.52797 0.51472
vt 0.65830 0.20320
vt 0.66296 0.47348
vt 0.39096 0.29308
vt 0.01523 0.04760
vt 0.32770 -0.00103
vt 0.34392 0.12174
vt 0.34392 0.12174
vt 0.32770 -0.00103
vt 0.65194 0.00563
vt 0.65830 0.20320
vt 0.39096 0.29308
vt 0.34392 0.12174
vt 0.65830 0.20320
vt 0.34392 0.12174
vt 0.65194 0.00563
vt 0.39096 0.29308
vt 0.52797 0.51472
vt 0.26519 0.48063
vt 0.39096 0.29308
vt 0.26519 0.48063
vt 0.02318 0.27281
vt 0.39096 0.29308
vt 0.02318 0.27281
vt 0.34392 0.12174
vt 0.34392 0.12174
vt 0.02318 0.27281
vt 0.01523 0.04760
vt 0.39096 0.29308
vt 0.66296 0.47348
vt 0.52797 0.51472
vt 0.65830 0.20320
vt 0.66296 0.47348
vt 0.39096 0.29308
vt 0.01523 0.04760
vt 0.32770 -0.00103
vt 0.34392 0.12174
vt 0.34392 0.12174
vt 0.32770 -0.00103
vt 0.65194 0.00563
vt 0.65830 0.20320
vt 0.39096 0.29308
vt 0.34392 0.12174
vt 0.65830 0.20320
vt 0.34392 0.12174
vt 0.65194 0.00563
vt 0.39096 0.29308
vt 0.52797 0.51472
vt 0.26519 0.48063
vt 0.39096 0.29308
vt 0.26519 0.48063
vt 0.02318 0.27281
vt 0.39096 0.29308
vt 0.02318 0.27281
vt 0.34392 0.12174
vt 0.34392 0.12174
vt 0.02318 0.27281
vt 0.01523 0.04760
vt 0.32281 0.81215
vt 0.65991 0.89642
vt 0.45880 1.00023
vt 0.65830 0.70320
vt 0.65991 0.89642
vt 0.32281 0.81215
vt 0.00709 0.59032
vt 0.33564 0.49821
vt 0.32866 0.61564
vt 0.32866 0.61564
vt 0.33564 0.49821
vt 0.46171 0.52776
vt 0.65830 0.70320
vt 0.32281 0.81215
vt 0.32866 0.61564
vt 0.65830 0.70320
vt 0.32866 0.61564
vt 0.46171 0.52776
vt 0.32281 0.81215
vt 0.45880 1.00023
vt 0.25502 0.97109
vt 0.32281 0.81215
vt 0.25502 0.97109
vt 0.00283 0.84606
vt 0.32281 0.81215
vt 0.00283 0.84606
vt 0.32866 0.61564
vt 0.32866 0.61564
vt 0.00283 0.84606
vt 0.00709 0.59032
vt 0.39096 0.29308
vt 0.66296 0.47348
vt 0.52797 0.51472
vt 0.65830 0.20320
vt 0.66296 0.47348
vt 0.39096 0.29308
vt 0.01523 0.04760
vt 0.32770 -0.00103
vt 0.34392 0.12174
vt 0.34392 0.12174
vt 0.32770 -0.00103
vt 0.65194 0.00563
vt 0.65830 0.20320
vt 0.39096 0.29308
vt 0.34392 0.12174
vt 0.65830 0.20320
vt 0.34392 0.12174
vt 0.65194 0.00563
vt 0.39096 0.29308
vt 0.52797 0.51472
vt 0.26519 0.48063
vt 0.39096 0.29308
vt 0.26519 0.48063
vt 0.02318 0.27281
vt 0.39096 0.29308
vt 0.02318 0.27281
vt 0.34392 0.12174
vt 0.34392 0.12174
vt 0.02318 0.27281
vt 0.01523 0.04760
vt 0.39096 0.29308
vt 0.66296 0.47348
vt 0.52797 0.51472
vt 0.65830 0.20320
vt 0.66296 0.47348
vt 0.39096 0.29308
vt 0.01523 0.04760
vt 0.32770 -0.00103
vt 0.34392 0.12174
vt 0.34392 0.12174
vt 0.32770 -0.00103
vt 0.65194 0.00563
vt 0.65830 0.20320
vt 0.39096 0.29308
vt 0.34392 0.12174
vt 0.65830 0.20320
vt 0.34392 0.12174
vt 0.65194 0.00563
vt 0.39096 0.29308
vt 0.52797 0.51472
vt 0.26519 0.48063
vt 0.39096 0.29308
vt 0.26519 0.48063
vt 0.02318 0.27281
vt 0.39096 0.29308
vt 0.02318 0.27281
vt 0.34392 0.12174
vt 0.34392 0.12174
vt 0.02318 0.27281
vt 0.01523 0.04760
vt 0.39096 0.29308
vt 0.66296 0.47348
vt 0.52797 0.51472
vt 0.65830 0.20320
vt 0.66296 0.47348
vt 0.39096 0.29308
vt 0.01523 0.04760
vt 0.32770 -0.00103
vt 0.34392 0.12174
vt 0.34392 0.12174
vt 0.32770 -0.00103
vt 0.65194 0.00563
vt 0.65830 0.20320
vt 0.39096 0.29308
vt 0.34392 0.12174
vt 0.65830 0.20320
vt 0.34392 0.12174
vt 0.65194 0.00563
vt 0.39096 0.29308
vt 0.52797 0.51472
vt 0.26519 0.48063
vt 0.39096 0.29308
vt 0.26519 0.48063
vt 0.02318 0.27281
vt 0.39096 0.29308
vt 0.02318 0.27281
vt 0.34392 0.12174
vt 0.34392 0.12174
vt 0.02318 0.27281
vt 0.01523 0.04760
vt 0.39096 0.29308
vt 0.66296 0.47348
vt 0.52797 0.51472
vt 0.65830 0.20320
vt 0.66296 0.47348
vt 0.39096 0.29308
vt 0.01523 0.04760
vt 0.32770 -0.00103
vt 0.34392 0.12174
vt 0.34392 0.12174
vt 0.32770 -0.00103
vt 0.65194 0.00563
vt 0.65830 0.20320
vt 0.39096 0.29308
vt 0.34392 0.12174
vt 0.65830 0.20320
vt 0.34392 0.12174
vt 0.65194 0.00563
vt 0.39096 0.29308
vt 0.52797 0.51472
vt 0.26519 0.48063
vt 0.39096 0.29308
vt 0.26519 0.48063
vt 0.02318 0.27281
vt 0.39096 0.29308
vt 0.02318 0.27281
vt 0.34392 0.12174
vt 0.34392 0.12174
vt 0.02318 0.27281
vt 0.01523 0.04760
vt 0.39096 0.29308
vt 0.66296 0.47348
vt 0.52797 0.51472
vt 0.65830 0.20320
vt 0.66296 0.47348
vt 0.39096 0.29308
vt 0.01523 0.04760
vt 0.32770 -0.00103
vt 0.34392 0.12174
vt 0.34392 0.12174
vt 0.32770 -0.00103
vt 0.65194 0.00563
vt 0.65830 0.20320
vt 0.39096 0.29308
vt 0.34392 0.12174
vt 0.65830 0.20320
vt 0.34392 0.12174
vt 0.65194 0.00563
vt 0.39096 0.29308
vt 0.52797 0.51472
vt 0.26519 0.48063
vt 0.39096 0.29308
vt 0.26519 0.48063
vt 0.02318 0.27281
vt 0.39096 0.29308
vt 0.02318 0.27281
vt 0.34392 0.12174
vt 0.34392 0.12174
vt 0.02318 0.27281
vt 0.01523 0.04760
vt 0.39096 0.29308
vt 0.66296 0.47348
vt 0.52797 0.51472
vt 0.65830 0.20320
vt 0.66296 0.47348
vt 0.39096 0.29308
vt 0.01523 0.04760
vt 0.32770 -0.00103
vt 0.34392 0.12174
vt 0.34392 0.12174
vt 0.32770 -0.00103
vt 0.65194 0.00563
vt 0.65830 0.20320
vt 0.39096 0.29308
vt 0.34392 0.12174
vt 0.65830 0.20320
vt 0.34392 0.12174
vt 0.65194 0.00563
vt 0.39096 0.29308
vt 0.52797 0.51472
vt 0.26519 0.48063
vt 0.39096 0.29308
vt 0.26519 0.48063
vt 0.02318 0.27281
vt 0.39096 0.29308
vt 0.02318 0.27281
vt 0.34392 0.12174
vt 0.34392 0.12174
vt 0.02318 0.27281
vt 0.01523 0.04760
vt 0.39096 0.29308
vt 0.66296 0.47348
vt 0.52797 0.51472
vt 0.65830 0.20320
vt 0.66296 0.47348
vt 0.39096 0.29308
vt 0.01523 0.04760
vt 0.32770 -0.00103
vt 0.34392 0.12174
vt 0.34392 0.12174
vt 0.32770 -0.00103
vt 0.65194 0.00563
vt 0.65830 0.20320
vt 0.39096 0.29308
vt 0.34392 0.12174
vt 0.65830 0.20320
vt 0.34392 0.12174
vt 0.65194 0.00563
vt 0.39096 0.29308
vt 0.52797 0.51472
vt 0.26519 0.48063
vt 0.39096 0.29308
vt 0.26519 0.48063
vt 0.02318 0.27281
vt 0.39096 0.29308
vt 0.02318 0.27281
vt 0.34392 0.12174
vt 0.34392 0.12174
vt 0.02318 0.27281
vt 0.01523 0.04760
vt 0.39096 0.29308
vt 0.66296 0.47348
vt 0.52797 0.51472
vt 0.65830 0.20320
vt 0.66296 0.47348
vt 0.39096 0.29308
vt 0.01523 0.04760
vt 0.32770 -0.00103
vt 0.34392 0.12174
vt 0.34392 0.12174
vt 0.32770 -0.00103
vt 0.65194 0.00563
vt 0.65830 0.20320
vt 0.39096 0.29308
vt 0.34392 0.12174
vt 0.65830 0.20320
vt 0.34392 0.12174
vt 0.65194 0.00563
vt 0.39096 0.29308
vt 0.52797 0.51472
vt 0.26519 0.48063
vt 0.39096 0.29308
vt 0.26519 0.48063
vt 0.02318 0.27281
vt 0.39096 0.29308
vt 0.02318 0.27281
vt 0.34392 0.12174
vt 0.34392 0.12174
vt 0.02318 0.27281
vt 0.01523 0.04760
vt 0.39096 0.29308
vt 0.66296 0.47348
vt 0.52797 0.51472
vt 0.65830 0.20320
vt 0.66296 0.47348
vt 0.39096 0.29308
vt 0.01523 0.04760
vt 0.32770 -0.00103
vt 0.34392 0.12174
vt 0.34392 0.12174
vt 0.32770 -0.00103
vt 0.65194 0.00563
vt 0.65830 0.20320
vt 0.39096 0.29308
vt 0.34392 0.12174
vt 0.65830 0.20320
vt 0.34392 0.12174
vt 0.65194 0.00563
vt 0.39096 0.29308
vt 0.52797 0.51472
vt 0.26519 0.48063
vt 0.39096 0.29308
vt 0.26519 0.48063
vt 0.02318 0.27281
vt 0.39096 0.29308
vt 0.02318 0.27281
vt 0.34392 0.12174
vt 0.34392 0.12174
vt 0.02318 0.27281
vt 0.01523 0.04760
vt 0.32281 0.81215
vt 0.65991 0.89642
vt 0.45880 1.00023
vt 0.65830 0.70320
vt 0.65991 0.89642
vt 0.32281 0.81215
vt 0.00709 0.59032
vt 0.33564 0.49821
vt 0.32866 0.61564
vt 0.32866 0.61564
vt 0.33564 0.49821
vt 0.46171 0.52776
vt 0.65830 0.70320
vt 0.32281 0.81215
vt 0.32866 0.61564
vt 0.65830 0.70320
vt 0.32866 0.61564
vt 0.46171 0.52776
vt 0.32281 0.81215
vt 0.45880 1.00023
vt 0.25502 0.97109
vt 0.32281 0.81215
vt 0.25502 0.97109
vt 0.00283 0.84606
vt 0.32281 0.81215
vt 0.00283 0.84606
vt 0.32866 0.61564
vt 0.32866 0.61564
vt 0.00283 0.84606
vt 0.00709 0.59032
vt 0.39096 0.29308
vt 0.66296 0.47348
vt 0.52797 0.51472
vt 0.65830 0.20320
vt 0.66296 0.47348
vt 0.39096 0.29308
vt 0.01523 0.04760
vt 0.32770 -0.00103
vt 0.34392 0.12174
vt 0.34392 0.12174
vt 0.32770 -0.00103
vt 0.65194 0.00563
vt 0.65830 0.20320
vt 0.39096 0.29308
vt 0.34392 0.12174
vt 0.65830 0.20320
vt 0.34392 0.12174
vt 0.65194 0.00563
vt 0.39096 0.29308
vt 0.52797 0.51472
vt 0.26519 0.48063
vt 0.39096 0.29308
vt 0.26519 0.48063
vt 0.02318 0.27281
vt 0.39096 0.29308
vt 0.02318 0.27281
vt 0.34392 0.12174
vt 0.34392 0.12174
vt 0.02318 0.27281
vt 0.01523 0.04760
vt 0.39096 0.29308
vt 0.66296 0.47348
vt 0.52797 0.51472
vt 0.65830 0.20320
vt 0.66296 0.47348
vt 0.39096 0.29308
vt 0.01523 0.04760
vt 0.32770 -0.00103
vt 0.34392 0.12174
vt 0.34392 0.12174
vt 0.32770 -0.00103
vt 0.65194 0.00563
vt 0.65830 0.20320
vt 0.39096 0.29308
vt 0.34392 0.12174
vt 0.65830 0.20320
vt 0.34392 0.12174
vt 0.65194 0.00563
vt 0.39096 0.29308
vt 0.52797 0.51472
vt 0.26519 0.48063
vt 0.39096 0.29308
vt 0.26519 0.48063
vt 0.02318 0.27281
vt 0.39096 0.29308
vt 0.02318 0.27281
vt 0.34392 0.12174
vt 0.34392 0.12174
vt 0.02318 0.27281
vt 0.01523 0.04760
vt 0.39096 0.29308
vt 0.66296 0.47348
vt 0.52797 0.51472
vt 0.65830 0.20320
vt 0.66296 0.47348
vt 0.39096 0.29308
vt 0.01523 0.04760
vt 0.32770 -0.00103
vt 0.34392 0.12174
vt 0.34392 0.12174
vt 0.32770 -0.00103
vt 0.65194 0.00563
vt 0.65830 0.20320
vt 0.39096 0.29308
vt 0.34392 0.12174
vt 0.65830 0.20320
vt 0.34392 0.12174
vt 0.65194 0.00563
vt 0.39096 0.29308
vt 0.52797 0.51472
vt 0.26519 0.48063
vt 0.39096 0.29308
vt 0.26519 0.48063
vt 0.02318 0.27281
vt 0.39096 0.29308
vt 0.02318 0.27281
vt 0.34392 0.12174
vt 0.34392 0.12174
vt 0.02318 0.27281
vt 0.01523 0.04760
f 724/2255 725/2256 733/2257 732/2258
f 727/2259 728/2260 736/2261 735/2262
f 723/2263 724/2264 732/2265 731/2266
f 726/2267 727/2268 735/2269 734/2270
f 722/2271 723/2272 731/2273 730/2274
f 725/2275 726/2276 734/2277 733/2278
f 728/2279 721/2280 729/2281 736/2282
f 721/2283 722/2284 730/2285 729/2286
f 731/2287 732/2288 740/2289 739/2290
f 734/2291 735/2292 743/2293 742/2294
f 730/2295 731/2296 739/2297 738/2298
f 733/2299 734/2300 742/2301 741/2302
f 736/2303 729/2304 737/2305 744/2306
f 729/2307 730/2308 738/2309 737/2310
f 732/2311 733/2312 741/2313 740/2314
f 735/2315 736/2316 744/2317 743/2318
f 740/2319 741/2320 749/2321 748/2322
f 743/2323 744/2324 752/2325 751/2326
f 739/2327 740/2328 748/2329 747/2330
f 742/2331 743/2332 751/2333 750/2334
f 738/2335 739/2336 747/2337 746/2338
f 741/2339 742/2340 750/2341 749/2342
f 744/2343 737/2344 745/2345 752/2346
f 737/2347 738/2348 746/2349 745/2350
f 749/2351 750/2352 758/2353 757/2354
f 752/2355 745/2356 753/2357 760/2358
f 745/2359 746/2360 754/2361 753/2362
f 748/2363 749/2364 757/2365 756/2366
f 751/2367 752/2368 760/2369 759/2370
f 747/2371 748/2372 756/2373 755/2374
f 750/2375 751/2376 759/2377 758/2378
f 746/2379 747/2380 755/2381 754/2382
f 758/2383 759/2384 767/2385 766/2386
f 754/2387 755/2388 763/2389 762/2390
f 757/2391 758/2392 766/2393 765/2394
f 760/2395 753/2396 761/2397 768/2398
f 753/2399 754/2400 762/2401 761/2402
f 756/2403 757/2404 765/2405 764/2406
f 759/2407 760/2408 768/2409 767/2410
f 755/2411 756/2412 764/2413 763/2414
f 767/2415 768/2416 776/2417 775/2418
f 763/2419 764/2420 772/2421 771/2422
f 766/2423 767/2424 775/2425 774/2426
f 762/2427 763/2428 771/2429 770/2430
f 765/2431 766/2432 774/2433 773/2434
f 768/2435 761/2436 769/2437 776/2438
f 761/2439 762/2440 770/2441 769/2442
f 764/2443 765/2444 773/2445 772/2446
f 776/2447 769/2448 777/2449 784/2450
f 769/2451 770/2452 778/2453 777/2454
f 772/2455 773/2456 781/2457 780/2458
f 775/2459 776/2460 784/2461 783/2462
f 771/2463 772/2464 780/2465 779/2466
f 774/2467 775/2468 783/2469 782/2470
f 770/2471 771/2472 779/2473 778/2474
f 773/2475 774/2476 782/2477 781/2478
f 778/2479 779/2480 787/2481 786/2482
f 781/2483 782/2484 790/2485 789/2486
f 784/2487 777/2488 785/2489 792/2490
f 777/2491 778/2492 786/2493 785/2494
f 780/2495 781/2496 789/2497 788/2498
f 783/2499 784/2500 792/2501 791/2502
f 779/2503 780/2504 788/2505 787/2506
f 782/2507 783/2508 791/2509 790/2510
f 787/2511 788/2512 796/2513 795/2514
f 790/2515 791/2516 799/2517 798/2518
f 786/2519 787/2520 795/2521 794/2522
f 789/2523 790/2524 798/2525 797/2526
f 792/2527 785/2528 793/2529 800/2530
f 785/2531 786/2532 794/2533 793/2534
f 788/2535 789/2536 797/2537 796/2538
f 791/2539 792/2540 800/2541 799/2542
f 796/2543 797/2544 805/2545 804/2546
f 799/2547 800/2548 808/2549 807/2550
f 795/2551 796/2552 804/2553 803/2554
f 798/2555 799/2556 807/2557 806/2558
f 794/2559 795/2560 803/2561 802/2562
f 797/2563 798/2564 806/2565 805/2566
f 800/2567 793/2568 801/2569 808/2570
f 793/2571 794/2572 802/2573 801/2574
f 802/2575 803/2576 804/2577 805/2578 806/2579 807/2580 808/2581 801/2582
f 810/2583 811/2584 817/2585 816/2586
f 813/2587 814/2588 820/2589 819/2590
f 809/2591 810/2592 816/2593 815/2594
f 812/2595 813/2596 819/2597 818/2598
f 811/2599 812/2600 818/2601 817/2602
f 814/2603 809/2604 815/2605 820/2606
f 820/2607 815/2608 821/2609 826/2610
f 816/2611 817/2612 823/2613 822/2614
f 819/2615 820/2616 826/2617 825/2618
f 815/2619 816/2620 822/2621 821/2622
f 818/2623 819/2624 825/2625 824/2626
f 817/2627 818/2628 824/2629 823/2630
f 821/2631 822/2632 828/2633 827/2634
f 824/2635 825/2636 831/2637 830/2638
f 823/2639 824/2640 830/2641 829/2642
f 826/2643 821/2644 827/2645 832/2646
f 822/2647 823/2648 829/2649 828/2650
f 825/2651 826/2652 832/2653 831/2654
f 832/2655 827/2656 833/2657 838/2658
f 828/2659 829/2660 835/2661 834/2662
f 831/2663 832/2664 838/2665 837/2666
f 827/2667 828/2668 834/2669 833/2670
f 830/2671 831/2672 837/2673 836/2674
f 829/2675 830/2676 836/2677 835/2678
f 834/2679 835/2680 836/2681 837/2682 838/2683 833/2684
f 844/2685 839/2686 845/2687 850/2688
f 840/2689 841/2690 847/2691 846/2692
f 843/2693 844/2694 850/2695 849/2696
f 839/2697 840/2698 846/2699 845/2700
f 842/2701 843/2702 849/2703 848/2704
f 841/2705 842/2706 848/2707 847/2708
f 845/2709 846/2710 852/2711 851/2712
f 848/2713 849/2714 855/2715 854/2716
f 847/2717 848/2718 854/2719 853/2720
f 850/2721 845/2722 851/2723 856/2724
f 846/2725 847/2726 853/2727 852/2728
f 849/2729 850/2730 856/2731 855/2732
f 856/2733 851/2734 857/2735 862/2736
f 852/2737 853/2738 859/2739 858/2740
f 855/2741 856/2742 862/2743 861/2744
f 851/2745 852/2746 858/2747 857/2748
f 854/2749 855/2750 861/2751 860/2752
f 853/2753 854/2754 860/2755 859/2756
f 858/2757 859/2758 860/2759 861/2760 862/2761 857/2762
f 868/2763 863/2764 869/2765 874/2766
f 864/2767 865/2768 871/2769 870/2770
f 867/2771 868/2772 874/2773 873/2774
f 863/2775 864/2776 870/2777 869/2778
f 866/2779 867/2780 873/2781 872/2782
f 865/2783 866/2784 872/2785 871/2786
f 869/2787 870/2788 876/2789 875/2790
f 872/2791 873/2792 879/2793 878/2794
f 871/2795 872/2796 878/2797 877/2798
f 874/2799 869/2800 875/2801 880/2802
f 870/2803 871/2804 877/2805 876/2806
f 873/2807 874/2808 880/2809 879/2810
f 880/2811 875/2812 881/2813 886/2814
f 876/2815 877/2816 883/2817 882/2818
f 879/2819 880/2820 886/2821 885/2822
f 875/2823 876/2824 882/2825 881/2826
f 878/2827 879/2828 885/2829 884/2830
f 877/2831 878/2832 884/2833 883/2834
f 882/2835 883/2836 884/2837 885/2838 886/2839 881/2840
f 892/2841 887/2842 893/2843 898/2844
f 888/2845 889/2846 895/2847 894/2848
f 891/2849 892/2850 898/2851 897/2852
f 887/2853 888/2854 894/2855 893/2856
f 890/2857 891/2858 897/2859 896/2860
f 889/2861 890/2862 896/2863 895/2864
f 893/2865 894/2866 900/2867 899/2868
f 896/2869 897/2870 903/2871 902/2872
f 895/2873 896/2874 902/2875 901/2876
f 898/2877 893/2878 899/2879 904/2880
f 894/2881 895/2882 901/2883 900/2884
f 897/2885 898/2886 904/2887 903/2888
f 904/2889 899/2890 905/2891 910/2892
f 900/2893 901/2894 907/2895 906/2896
f 903/2897 904/2898 910/2899 909/2900
f 899/2901 900/2902 906/2903 905/2904
f 902/2905 903/2906 909/2907 908/2908
f 901/2909 902/2910 908/2911 907/2912
f 906/2913 907/2914 908/2915 909/2916 910/2917 905/2918
f 913/2919 918/2920 919/2921
f 911/2922 918/2923 913/2924
f 916/2925 917/2926 914/2927
f 914/2928 917/2929 912/2930
f 911/2931 913/2932 914/2933
f 911/2934 914/2935 912/2936
f 913/2937 919/2938 920/2939
f 913/2940 920/2941 915/2942
f 913/2943 915/2944 914/2945
f 914/2946 915/2947 916/2948
f 923/2949 928/2950 929/2951
f 921/2952 928/2953 923/2954
f 926/2955 927/2956 924/2957
f 924/2958 927/2959 922/2960
f 921/2961 923/2962 924/2963
f 921/2964 924/2965 922/2966
f 923/2967 929/2968 930/2969
f 923/2970 930/2971 925/2972
f 923/2973 925/2974 924/2975
f 924/2976 925/2977 926/2978
f 933/2979 938/2980 939/2981
f 931/2982 938/2983 933/2984
f 936/2985 937/2986 934/2987
f 934/2988 937/2989 932/2990
f 931/2991 933/2992 934/2993
f 931/2994 934/2995 932/2996
f 933/2997 939/2998 940/2999
f 933/3000 940/3001 935/3002
f 933/3003 935/3004 934/3005
f 934/3006 935/3007 936/3008
f 943/3009 948/3010 949/3011
f 941/3012 948/3013 943/3014
f 946/3015 947/3016 944/3017
f 944/3018 947/3019 942/3020
f 941/3021 943/3022 944/3023
f 941/3024 944/3025 942/3026
f 943/3027 949/3028 950/3029
f 943/3030 950/3031 945/3032
f 943/3033 945/3034 944/3035
f 944/3036 945/3037 946/3038
f 953/3039 958/3040 959/3041
f 951/3042 958/3043 953/3044
f 956/3045 957/3046 954/3047
f 954/3048 957/3049 952/3050
f 951/3051 953/3052 954/3053
f 951/3054 954/3055 952/3056
f 953/3057 959/3058 960/3059
f 953/3060 960/3061 955/3062
f 953/3063 955/3064 954/3065
f 954/3066 955/3067 956/3068
f 963/3069 968/3070 969/3071
f 961/3072 968/3073 963/3074
f 966/3075 967/3076 964/3077
f 964/3078 967/3079 962/3080
f 961/3081 963/3082 964/3083
f 961/3084 964/3085 962/3086
f 963/3087 969/3088 970/3089
f 963/3090 970/3091 965/3092
f 963/3093 965/3094 964/3095
f 964/3096 965/3097 966/3098
f 973/3099 978/3100 979/3101
f 971/3102 978/3103 973/3104
f 976/3105 977/3106 974/3107
f 974/3108 977/3109 972/3110
f 971/3111 973/3112 974/3113
f 971/3114 974/3115 972/3116
f 973/3117 979/3118 980/3119
f 973/3120 980/3121 975/3122
f 973/3123 975/3124 974/3125
f 974/3126 975/3127 976/3128
f 983/3129 988/3130 989/3131
f 981/3132 988/3133 983/3134
f 986/3135 987/3136 984/3137
f 984/3138 987/3139 982/3140
f 981/3141 983/3142 984/3143
f 981/3144 984/3145 982/3146
f 983/3147 989/3148 990/3149
f 983/3150 990/3151 985/3152
f 983/3153 985/3154 984/3155
f 984/3156 985/3157 986/3158
f 993/3159 998/3160 999/3161
f 991/3162 998/3163 993/3164
f 996/3165 997/3166 994/3167
f 994/3168 997/3169 992/3170
f 991/3171 993/3172 994/3173
f 991/3174 994/3175 992/3176
f 993/3177 999/3178 1000/3179
f 993/3180 1000/3181 995/3182
f 993/3183 995/3184 994/3185
f 994/3186 995/3187 996/3188
f 1003/3189 1008/3190 1009/3191
f 1001/3192 1008/3193 1003/3194
f 1006/3195 1007/3196 1004/3197
f 1004/3198 1007/3199 1002/3200
f 1001/3201 1003/3202 1004/3203
f 1001/3204 1004/3205 1002/3206
f 1003/3207 1009/3208 1010/3209
f 1003/3210 1010/3211 1005/3212
f 1003/3213 1005/3214 1004/3215
f 1004/3216 1005/3217 1006/3218
f 1013/3219 1018/3220 1019/3221
f 1011/3222 1018/3223 1013/3224
f 1016/3225 1017/3226 1014/3227
f 1014/3228 1017/3229 1012/3230
f 1011/3231 1013/3232 1014/3233
f 1011/3234 1014/3235 1012/3236
f 1013/3237 1019/3238 1020/3239
f 1013/3240 1020/3241 1015/3242
f 1013/3243 1015/3244 1014/3245
f 1014/3246 1015/3247 1016/3248
f 1023/3249 1028/3250 1029/3251
f 1021/3252 1028/3253 1023/3254
f 1026/3255 1027/3256 1024/3257
f 1024/3258 1027/3259 1022/3260
f 1021/3261 1023/3262 1024/3263
f 1021/3264 1024/3265 1022/3266
f 1023/3267 1029/3268 1030/3269
f 1023/3270 1030/3271 1025/3272
f 1023/3273 1025/3274 1024/3275
f 1024/3276 1025/3277 1026/3278
f 1033/3279 1038/3280 1039/3281
f 1031/3282 1038/3283 1033/3284
f 1036/3285 1037/3286 1034/3287
f 1034/3288 1037/3289 1032/3290
f 1031/3291 1033/3292 1034/3293
f 1031/3294 1034/3295 1032/3296
f 1033/3297 1039/3298 1040/3299
f 1033/3300 1040/3301 1035/3302
f 1033/3303 1035/3304 1034/3305
f 1034/3306 1035/3307 1036/3308
f 1043/3309 1048/3310 1049/3311
f 1041/3312 1048/3313 1043/3314
f 1046/3315 1047/3316 1044/3317
f 1044/3318 1047/3319 1042/3320
f 1041/3321 1043/3322 1044/3323
f 1041/3324 1044/3325 1042/3326
f 1043/3327 1049/3328 1050/3329
f 1043/3330 1050/3331 1045/3332
f 1043/3333 1045/3334 1044/3335
f 1044/3336 1045/3337 1046/3338
f 1053/3339 1058/3340 1059/3341
f 1051/3342 1058/3343 1053/3344
f 1056/3345 1057/3346 1054/3347
f 1054/3348 1057/3349 1052/3350
f 1051/3351 1053/3352 1054/3353
f 1051/3354 1054/3355 1052/3356
f 1053/3357 1059/3358 1060/3359
f 1053/3360 1060/3361 1055/3362
f 1053/3363 1055/3364 1054/3365
f 1054/3366 1055/3367 1056/3368
f 1063/3369 1068/3370 1069/3371
f 1061/3372 1068/3373 1063/3374
f 1066/3375 1067/3376 1064/3377
f 1064/3378 1067/3379 1062/3380
f 1061/3381 1063/3382 1064/3383
f 1061/3384 1064/3385 1062/3386
f 1063/3387 1069/3388 1070/3389
f 1063/3390 1070/3391 1065/3392
f 1063/3393 1065/3394 1064/3395
f 1064/3396 1065/3397 1066/3398
f 1073/3399 1078/3400 1079/3401
f 1071/3402 1078/3403 1073/3404
f 1076/3405 1077/3406 1074/3407
f 1074/3408 1077/3409 1072/3410
f 1071/3411 1073/3412 1074/3413
f 1071/3414 1074/3415 1072/3416
f 1073/3417 1079/3418 1080/3419
f 1073/3420 1080/3421 1075/3422
f 1073/3423 1075/3424 1074/3425
f 1074/3426 1075/3427 1076/3428
f 1083/3429 1088/3430 1089/3431
f 1081/3432 1088/3433 1083/3434
f 1086/3435 1087/3436 1084/3437
f 1084/3438 1087/3439 1082/3440
f 1081/3441 1083/3442 1084/3443
f 1081/3444 1084/3445 1082/3446
f 1083/3447 1089/3448 1090/3449
f 1083/3450 1090/3451 1085/3452
f 1083/3453 1085/3454 1084/3455
f 1084/3456 1085/3457 1086/3458
f 1093/3459 1098/3460 1099/3461
f 1091/3462 1098/3463 1093/3464
f 1096/3465 1097/3466 1094/3467
f 1094/3468 1097/3469 1092/3470
f 1091/3471 1093/3472 1094/3473
f 1091/3474 1094/3475 1092/3476
f 1093/3477 1099/3478 1100/3479
f 1093/3480 1100/3481 1095/3482
f 1093/3483 1095/3484 1094/3485
f 1094/3486 1095/3487 1096/3488
f 1103/3489 1108/3490 1109/3491
f 1101/3492 1108/3493 1103/3494
f 1106/3495 1107/3496 1104/3497
f 1104/3498 1107/3499 1102/3500
f 1101/3501 1103/3502 1104/3503
f 1101/3504 1104/3505 1102/3506
f 1103/3507 1109/3508 1110/3509
f 1103/3510 1110/3511 1105/3512
f 1103/3513 1105/3514 1104/3515
f 1104/3516 1105/3517 1106/3518
f 1113/3519 1118/3520 1119/3521
f 1111/3522 1118/3523 1113/3524
f 1116/3525 1117/3526 1114/3527
f 1114/3528 1117/3529 1112/3530
f 1111/3531 1113/3532 1114/3533
f 1111/3534 1114/3535 1112/3536
f 1113/3537 1119/3538 1120/3539
f 1113/3540 1120/3541 1115/3542
f 1113/3543 1115/3544 1114/3545
f 1114/3546 1115/3547 1116/3548
f 1123/3549 1128/3550 1129/3551
f 1121/3552 1128/3553 1123/3554
f 1126/3555 1127/3556 1124/3557
f 1124/3558 1127/3559 1122/3560
f 1121/3561 1123/3562 1124/3563
f 1121/3564 1124/3565 1122/3566
f 1123/3567 1129/3568 1130/3569
f 1123/3570 1130/3571 1125/3572
f 1123/3573 1125/3574 1124/3575
f 1124/3576 1125/3577 1126/3578
f 1133/3579 1138/3580 1139/3581
f 1131/3582 1138/3583 1133/3584
f 1136/3585 1137/3586 1134/3587
f 1134/3588 1137/3589 1132/3590
f 1131/3591 1133/3592 1134/3593
f 1131/3594 1134/3595 1132/3596
f 1133/3597 1139/3598 1140/3599
f 1133/3600 1140/3601 1135/3602
f 1133/3603 1135/3604 1134/3605
f 1134/3606 1135/3607 1136/3608
f 1143/3609 1148/3610 1149/3611
f 1141/3612 1148/3613 1143/3614
f 1146/3615 1147/3616 1144/3617
f 1144/3618 1147/3619 1142/3620
f 1141/3621 1143/3622 1144/3623
f 1141/3624 1144/3625 1142/3626
f 1143/3627 1149/3628 1150/3629
f 1143/3630 1150/3631 1145/3632
f 1143/3633 1145/3634 1144/3635
f 1144/3636 1145/3637 1146/3638
f 1153/3639 1158/3640 1159/3641
f 1151/3642 1158/3643 1153/3644
f 1156/3645 1157/3646 1154/3647
f 1154/3648 1157/3649 1152/3650
f 1151/3651 1153/3652 1154/3653
f 1151/3654 1154/3655 1152/3656
f 1153/3657 1159/3658 1160/3659
f 1153/3660 1160/3661 1155/3662
f 1153/3663 1155/3664 1154/3665
f 1154/3666 1155/3667 1156/3668
f 1163/3669 1168/3670 1169/3671
f 1161/3672 1168/3673 1163/3674
f 1166/3675 1167/3676 1164/3677
f 1164/3678 1167/3679 1162/3680
f 1161/3681 1163/3682 1164/3683
f 1161/3684 1164/3685 1162/3686
f 1163/3687 1169/3688 1170/3689
f 1163/3690 1170/3691 1165/3692
f 1163/3693 1165/3694 1164/3695
f 1164/3696 1165/3697 1166/3698
f 1173/3699 1178/3700 1179/3701
f 1171/3702 1178/3703 1173/3704
f 1176/3705 1177/3706 1174/3707
f 1174/3708 1177/3709 1172/3710
f 1171/3711 1173/3712 1174/3713
f 1171/3714 1174/3715 1172/3716
f 1173/3717 1179/3718 1180/3719
f 1173/3720 1180/3721 1175/3722
f 1173/3723 1175/3724 1174/3725
f 1174/3726 1175/3727 1176/3728
f 1183/3729 1188/3730 1189/3731
f 1181/3732 1188/3733 1183/3734
f 1186/3735 1187/3736 1184/3737
f 1184/3738 1187/3739 1182/3740
f 1181/3741 1183/3742 1184/3743
f 1181/3744 1184/3745 1182/3746
f 1183/3747 1189/3748 1190/3749
f 1183/3750 1190/3751 1185/3752
f 1183/3753 1185/3754 1184/3755
f 1184/3756 1185/3757 1186/3758
f 1193/3759 1198/3760 1199/3761
f 1191/3762 1198/3763 1193/3764
f 1196/3765 1197/3766 1194/3767
f 1194/3768 1197/3769 1192/3770
f 1191/3771 1193/3772 1194/3773
f 1191/3774 1194/3775 1192/3776
f 1193/3777 1199/3778 1200/3779
f 1193/3780 1200/3781 1195/3782
f 1193/3783 1195/3784 1194/3785
f 1194/3786 1195/3787 1196/3788
f 1203/3789 1208/3790 1209/3791
f 1201/3792 1208/3793 1203/3794
f 1206/3795 1207/3796 1204/3797
f 1204/3798 1207/3799 1202/3800
f 1201/3801 1203/3802 1204/3803
f 1201/3804 1204/3805 1202/3806
f 1203/3807 1209/3808 1210/3809
f 1203/3810 1210/3811 1205/3812
f 1203/3813 1205/3814 1204/3815
f 1204/3816 1205/3817 1206/3818
f 1213/3819 1218/3820 1219/3821
f 1211/3822 1218/3823 1213/3824
f 1216/3825 1217/3826 1214/3827
f 1214/3828 1217/3829 1212/3830
f 1211/3831 1213/3832 1214/3833
f 1211/3834 1214/3835 1212/3836
f 1213/3837 1219/3838 1220/3839
f 1213/3840 1220/3841 1215/3842
f 1213/3843 1215/3844 1214/3845
f 1214/3846 1215/3847 1216/3848
f 1223/3849 1228/3850 1229/3851
f 1221/3852 1228/3853 1223/3854
f 1226/3855 1227/3856 1224/3857
f 1224/3858 1227/3859 1222/3860
f 1221/3861 1223/3862 1224/3863
f 1221/3864 1224/3865 1222/3866
f 1223/3867 1229/3868 1230/3869
f 1223/3870 1230/3871 1225/3872
f 1223/3873 1225/3874 1224/3875
f 1224/3876 1225/3877 1226/3878
f 1233/3879 1238/3880 1239/3881
f 1231/3882 1238/3883 1233/3884
f 1236/3885 1237/3886 1234/3887
f 1234/3888 1237/3889 1232/3890
f 1231/3891 1233/3892 1234/3893
f 1231/3894 1234/3895 1232/3896
f 1233/3897 1239/3898 1240/3899
f 1233/3900 1240/3901 1235/3902
f 1233/3903 1235/3904 1234/3905
f 1234/3906 1235/3907 1236/3908
f 1243/3909 1248/3910 1249/3911
f 1241/3912 1248/3913 1243/3914
f 1246/3915 1247/3916 1244/3917
f 1244/3918 1247/3919 1242/3920
f 1241/3921 1243/3922 1244/3923
f 1241/3924 1244/3925 1242/3926
f 1243/3927 1249/3928 1250/3929
f 1243/3930 1250/3931 1245/3932
f 1243/3933 1245/3934 1244/3935
f 1244/3936 1245/3937 1246/3938
f 1253/3939 1258/3940 1259/3941
f 1251/3942 1258/3943 1253/3944
f 1256/3945 1257/3946 1254/3947
f 1254/3948 1257/3949 1252/3950
f 1251/3951 1253/3952 1254/3953
f 1251/3954 1254/3955 1252/3956
f 1253/3957 1259/3958 1260/3959
f 1253/3960 1260/3961 1255/3962
f 1253/3963 1255/3964 1254/3965
f 1254/3966 1255/3967 1256/3968
f 1263/3969 1268/3970 1269/3971
f 1261/3972 1268/3973 1263/3974
f 1266/3975 1267/3976 1264/3977
f 1264/3978 1267/3979 1262/3980
f 1261/3981 1263/3982 1264/3983
f 1261/3984 1264/3985 1262/3986
f 1263/3987 1269/3988 1270/3989
f 1263/3990 1270/3991 1265/3992
f 1263/3993 1265/3994 1264/3995
f 1264/3996 1265/3997 1266/3998
f 1273/3999 1278/4000 1279/4001
f 1271/4002 1278/4003 1273/4004
f 1276/4005 1277/4006 1274/4007
f 1274/4008 1277/4009 1272/4010
f 1271/4011 1273/4012 1274/4013
f 1271/4014 1274/4015 1272/4016
f 1273/4017 1279/4018 1280/4019
f 1273/4020 1280/4021 1275/4022
f 1273/4023 1275/4024 1274/4025
f 1274/4026 1275/4027 1276/4028
f 1283/4029 1288/4030 1289/4031
f 1281/4032 1288/4033 1283/4034
f 1286/4035 1287/4036 1284/4037
f 1284/4038 1287/4039 1282/4040
f 1281/4041 1283/4042 1284/4043
f 1281/4044 1284/4045 1282/4046
f 1283/4047 1289/4048 1290/4049
f 1283/4050 1290/4051 1285/4052
f 1283/4053 1285/4054 1284/4055
f 1284/4056 1285/4057 1286/4058
f 1293/4059 1298/4060 1299/4061
f 1291/4062 1298/4063 1293/4064
f 1296/4065 1297/4066 1294/4067
f 1294/4068 1297/4069 1292/4070
f 1291/4071 1293/4072 1294/4073
f 1291/4074 1294/4075 1292/4076
f 1293/4077 1299/4078 1300/4079
f 1293/4080 1300/4081 1295/4082
f 1293/4083 1295/4084 1294/4085
f 1294/4086 1295/4087 1296/4088
f 1303/4089 1308/4090 1309/4091
f 1301/4092 1308/4093 1303/4094
f 1306/4095 1307/4096 1304/4097
f 1304/4098 1307/4099 1302/4100
f 1301/4101 1303/4102 1304/4103
f 1301/4104 1304/4105 1302/4106
f 1303/4107 1309/4108 1310/4109
f 1303/4110 1310/4111 1305/4112
f 1303/4113 1305/4114 1304/4115
f 1304/4116 1305/4117 1306/4118
f 1313/4119 1318/4120 1319/4121
f 1311/4122 1318/4123 1313/4124
f 1316/4125 1317/4126 1314/4127
f 1314/4128 1317/4129 1312/4130
f 1311/4131 1313/4132 1314/4133
f 1311/4134 1314/4135 1312/4136
f 1313/4137 1319/4138 1320/4139
f 1313/4140 1320/4141 1315/4142
f 1313/4143 1315/4144 1314/4145
f 1314/4146 1315/4147 1316/4148
f 1323/4149 1328/4150 1329/4151
f 1321/4152 1328/4153 1323/4154
f 1326/4155 1327/4156 1324/4157
f 1324/4158 1327/4159 1322/4160
f 1321/4161 1323/4162 1324/4163
f 1321/4164 1324/4165 1322/4166
f 1323/4167 1329/4168 1330/4169
f 1323/4170 1330/4171 1325/4172
f 1323/4173 1325/4174 1324/4175
f 1324/4176 1325/4177 1326/4178
f 1333/4179 1338/4180 1339/4181
f 1331/4182 1338/4183 1333/4184
f 1336/4185 1337/4186 1334/4187
f 1334/4188 1337/4189 1332/4190
f 1331/4191 1333/4192 1334/4193
f 1331/4194 1334/4195 1332/4196
f 1333/4197 1339/4198 1340/4199
f 1333/4200 1340/4201 1335/4202
f 1333/4203 1335/4204 1334/4205
f 1334/4206 1335/4207 1336/4208
f 1343/4209 1348/4210 1349/4211
f 1341/4212 1348/4213 1343/4214
f 1346/4215 1347/4216 1344/4217
f 1344/4218 1347/4219 1342/4220
f 1341/4221 1343/4222 1344/4223
f 1341/4224 1344/4225 1342/4226
f 1343/4227 1349/4228 1350/4229
f 1343/4230 1350/4231 1345/4232
f 1343/4233 1345/4234 1344/4235
f 1344/4236 1345/4237 1346/4238
f 1353/4239 1358/4240 1359/4241
f 1351/4242 1358/4243 1353/4244
f 1356/4245 1357/4246 1354/4247
f 1354/4248 1357/4249 1352/4250
f 1351/4251 1353/4252 1354/4253
f 1351/4254 1354/4255 1352/4256
f 1353/4257 1359/4258 1360/4259
f 1353/4260 1360/4261 1355/4262
f 1353/4263 1355/4264 1354/4265
f 1354/4266 1355/4267 1356/4268
f 1363/4269 1368/4270 1369/4271
f 1361/4272 1368/4273 1363/4274
f 1366/4275 1367/4276 1364/4277
f 1364/4278 1367/4279 1362/4280
f 1361/4281 1363/4282 1364/4283
f 1361/4284 1364/4285 1362/4286
f 1363/4287 1369/4288 1370/4289
f 1363/4290 1370/4291 1365/4292
f 1363/4293 1365/4294 1364/4295
f 1364/4296 1365/4297 1366/4298
f 1373/4299 1378/4300 1379/4301
f 1371/4302 1378/4303 1373/4304
f 1376/4305 1377/4306 1374/4307
f 1374/4308 1377/4309 1372/4310
f 1371/4311 1373/4312 1374/4313
f 1371/4314 1374/4315 1372/4316
f 1373/4317 1379/4318 1380/4319
f 1373/4320 1380/4321 1375/4322
f 1373/4323 1375/4324 1374/4325
f 1374/4326 1375/4327 1376/4328
f 1383/4329 1388/4330 1389/4331
f 1381/4332 1388/4333 1383/4334
f 1386/4335 1387/4336 1384/4337
f 1384/4338 1387/4339 1382/4340
f 1381/4341 1383/4342 1384/4343
f 1381/4344 1384/4345 1382/4346
f 1383/4347 1389/4348 1390/4349
f 1383/4350 1390/4351 1385/4352
f 1383/4353 1385/4354 1384/4355
f 1384/4356 1385/4357 1386/4358
f 1393/4359 1398/4360 1399/4361
f 1391/4362 1398/4363 1393/4364
f 1396/4365 1397/4366 1394/4367
f 1394/4368 1397/4369 1392/4370
f 1391/4371 1393/4372 1394/4373
f 1391/4374 1394/4375 1392/4376
f 1393/4377 1399/4378 1400/4379
f 1393/4380 1400/4381 1395/4382
f 1393/4383 1395/4384 1394/4385
f 1394/4386 1395/4387 1396/4388
f 1403/4389 1408/4390 1409/4391
f 1401/4392 1408/4393 1403/4394
f 1406/4395 1407/4396 1404/4397
f 1404/4398 1407/4399 1402/4400
f 1401/4401 1403/4402 1404/4403
f 1401/4404 1404/4405 1402/4406
f 1403/4407 1409/4408 1410/4409
f 1403/4410 1410/4411 1405/4412
f 1403/4413 1405/4414 1404/4415
f 1404/4416 1405/4417 1406/4418
f 1413/4419 1418/4420 1419/4421
f 1411/4422 1418/4423 1413/4424
f 1416/4425 1417/4426 1414/4427
f 1414/4428 1417/4429 1412/4430
f 1411/4431 1413/4432 1414/4433
f 1411/4434 1414/4435 1412/4436
f 1413/4437 1419/4438 1420/4439
f 1413/4440 1420/4441 1415/4442
f 1413/4443 1415/4444 1414/4445
f 1414/4446 1415/4447 1416/4448
f 1423/4449 1428/4450 1429/4451
f 1421/4452 1428/4453 1423/4454
f 1426/4455 1427/4456 1424/4457
f 1424/4458 1427/4459 1422/4460
f 1421/4461 1423/4462 1424/4463
f 1421/4464 1424/4465 1422/4466
f 1423/4467 1429/4468 1430/4469
f 1423/4470 1430/4471 1425/4472
f 1423/4473 1425/4474 1424/4475
f 1424/4476 1425/4477 1426/4478
f 1433/4479 1438/4480 1439/4481
f 1431/4482 1438/4483 1433/4484
f 1436/4485 1437/4486 1434/4487
f 1434/4488 1437/4489 1432/4490
f 1431/4491 1433/4492 1434/4493
f 1431/4494 1434/4495 1432/4496
f 1433/4497 1439/4498 1440/4499
f 1433/4500 1440/4501 1435/4502
f 1433/4503 1435/4504 1434/4505
f 1434/4506 1435/4507 1436/4508
o tree_c
v -0.2859 0.0000 -0.0710
v -0.2532 0.0000 0.1521
v -0.0723 0.0000 0.2867
v 0.1508 0.0000 0.2540
v 0.2854 0.0000 0.0730
v 0.2527 0.0000 -0.1501
v 0.0717 0.0000 -0.2847
v -0.1513 0.0000 -0.2519
v -0.2212 0.2122 -0.0568
v -0.1958 0.2122 0.1161
v -0.0556 0.2122 0.2204
v 0.1174 0.2122 0.1950
v 0.2217 0.2122 0.0548
v 0.1963 0.2122 -0.1181
v 0.0561 0.2122 -0.2224
v -0.1168 0.2122 -0.1971
v -0.1958 0.5299 -0.0473
v -0.1734 0.5299 0.1052
v -0.0497 0.5299 0.1973
v 0.1028 0.5299 0.1749
v 0.1949 0.5299 0.0512
v 0.1724 0.5299 -0.1014
v 0.0488 0.5299 -0.1934
v -0.1038 0.5299 -0.1710
v -0.1737 0.9699 -0.0386
v -0.1539 0.9699 0.0961
v -0.0447 0.9699 0.1774
v 0.0900 0.9699 0.1576
v 0.1712 0.9699 0.0484
v 0.1515 0.9699 -0.0863
v 0.0422 0.9699 -0.1676
v -0.0924 0.9699 -0.1478
v -0.1415 1.9004 -0.0418
v -0.1252 1.9004 0.0699
v -0.0346 1.9004 0.1373
v 0.0771 1.9004 0.1209
v 0.1444 1.9004 0.0303
v 0.1280 1.9004 -0.0813
v 0.0375 1.9004 -0.1487
v -0.0742 1.9004 -0.1323
v -0.1282 2.9404 -0.0610
v -0.1127 2.9404 0.0444
v -0.0272 2.9404 0.1080
v 0.0782 2.9404 0.0925
v 0.1418 2.9404 0.0071
v 0.1263 2.9404 -0.0983
v 0.0408 2.9404 -0.1619
v -0.0646 2.9404 -0.1464
v -0.1231 4.1774 -0.0597
v -0.1096 4.1774 0.0318
v -0.0355 4.1774 0.0870
v 0.0560 4.1774 0.0735
v 0.1112 4.1774 -0.0006
v 0.0978 4.1774 -0.0921
v 0.0236 4.1774 -0.1473
v -0.0679 4.1774 -0.1339
v -0.1687 5.5549 0.0078
v -0.1574 5.5561 0.0850
v -0.0949 5.5589 0.1315
v -0.0178 5.5618 0.1202
v 0.0287 5.5630 0.0576
v 0.0174 5.5618 -0.0195
v -0.0451 5.5589 -0.0661
v -0.1222 5.5561 -0.0547
v -0.3641 6.5687 0.1568
v -0.3722 6.5579 0.2181
v -0.3353 6.5608 0.2689
v -0.2752 6.5757 0.2794
v -0.2271 6.5939 0.2434
v -0.2190 6.6047 0.1821
v -0.2559 6.6018 0.1313
v -0.3160 6.5869 0.1208
v -0.8273 7.5809 0.2116
v -0.8508 7.5713 0.2420
v -0.8485 7.5747 0.2813
v -0.8217 7.5892 0.3066
v -0.7862 7.6063 0.3030
v -0.7628 7.6160 0.2726
v -0.7651 7.6125 0.2333
v -0.7919 7.5980 0.2080
v -1.5806 8.5532 0.2216
v -1.5818 8.5527 0.2231
v -1.5817 8.5529 0.2250
v -1.5803 8.5536 0.2263
v -1.5786 8.5544 0.2261
v -1.5774 8.5549 0.2246
v -1.5775 8.5547 0.2227
v -1.5789 8.5540 0.2214
v -0.1306 2.4378 -0.0675
v -0.0790 2.5180 0.0404
v 0.0599 2.5086 0.0771
v 0.1473 2.4191 0.0058
v 0.0957 2.3389 -0.1022
v -0.0432 2.3483 -0.1388
v 0.1715 3.2600 -0.6815
v 0.1889 3.3135 -0.5843
v 0.2867 3.3014 -0.5302
v 0.3670 3.2358 -0.5735
v 0.3496 3.1823 -0.6707
v 0.2518 3.1944 -0.7248
v 0.5464 4.4616 -1.0137
v 0.5391 4.5100 -0.9407
v 0.6040 4.5100 -0.8813
v 0.6761 4.4616 -0.8950
v 0.6834 4.4132 -0.9680
v 0.6185 4.4132 -1.0274
v 1.1499 5.6113 -1.5206
v 1.1613 5.6390 -1.4667
v 1.2177 5.6362 -1.4419
v 1.2628 5.6058 -1.4711
v 1.2514 5.5781 -1.5250
v 1.1949 5.5809 -1.5498
v 1.4404 7.0337 -2.0812
v 1.4450 7.0361 -2.0721
v 1.4554 7.0352 -2.0710
v 1.4613 7.0319 -2.0791
v 1.4567 7.0295 -2.0882
v 1.4463 7.0304 -2.0893
v -0.0022 3.5305 0.0882
v 0.0305 3.6218 0.0315
v 0.0036 3.6332 -0.0770
v -0.0560 3.5532 -0.1288
v -0.0888 3.4619 -0.0721
v -0.0619 3.4505 0.0365
v -0.9100 4.3481 0.3723
v -0.8562 4.4080 0.3369
v -0.8571 4.4219 0.2501
v -0.9118 4.3760 0.1988
v -0.9655 4.3162 0.2342
v -0.9646 4.3022 0.3210
v -1.3939 5.4241 0.6587
v -1.3807 5.4614 0.6113
v -1.4199 5.4661 0.5639
v -1.4723 5.4336 0.5639
v -1.4856 5.3964 0.6113
v -1.4464 5.3916 0.6587
v -1.9456 6.7413 1.2772
v -1.9456 6.7455 1.2676
v -1.9544 6.7454 1.2619
v -1.9632 6.7411 1.2657
v -1.9631 6.7368 1.2754
v -1.9543 6.7369 1.2811
v 0.5331 4.1069 -0.9308
v 0.5199 4.1815 -0.9406
v 0.5065 4.2262 -0.8800
v 0.5064 4.1962 -0.8098
v 0.5196 4.1216 -0.8000
v 0.5330 4.0770 -0.8606
v 1.3249 4.4212 -0.9656
v 1.2984 4.4712 -0.9848
v 1.2772 4.5108 -0.9454
v 1.2824 4.5003 -0.8868
v 1.3089 4.4503 -0.8676
v 1.3301 4.4107 -0.9070
v 1.9383 4.9050 -1.2312
v 1.9260 4.9443 -1.2231
v 1.9357 4.9621 -1.1864
v 1.9577 4.9408 -1.1578
v 1.9700 4.9015 -1.1659
v 1.9604 4.8836 -1.2026
v 2.7436 5.4017 -1.7041
v 2.7418 5.4076 -1.7005
v 2.7451 5.4092 -1.6944
v 2.7502 5.4048 -1.6919
v 2.7519 5.3989 -1.6954
v 2.7486 5.3973 -1.7016
v 0.0098 5.3643 -0.0194
v -0.0311 5.4247 -0.0335
v -0.0981 5.4322 -0.0024
v -0.1242 5.3793 0.0429
v -0.0833 5.3190 0.0570
v -0.0162 5.3115 0.0258
v 0.3086 5.9047 0.5337
v 0.2789 5.9443 0.5033
v 0.2227 5.9536 0.5149
v 0.1962 5.9232 0.5568
v 0.2260 5.8836 0.5872
v 0.2822 5.8744 0.5757
v 0.5555 6.6160 0.8117
v 0.5231 6.6406 0.8090
v 0.4972 6.6437 0.8405
v 0.5038 6.6223 0.8745
v 0.5362 6.5976 0.8771
v 0.5621 6.5945 0.8457
v 1.0264 7.4866 1.0916
v 1.0201 7.4894 1.0928
v 1.0175 7.4893 1.0993
v 1.0211 7.4865 1.1045
v 1.0273 7.4837 1.1032
v 1.0300 7.4837 1.0968
v 1.0789 3.3224 -0.4372
v 0.7008 3.3888 -0.3715
v 1.0880 3.6285 -0.7860
v 0.7332 3.7477 -0.7615
v 1.0208 3.5256 -1.2597
v 0.5949 3.6662 -1.1549
v 0.4609 3.7421 -0.7101
v 1.3731 3.2757 -0.5959
v 1.4391 3.3318 -0.7950
v 1.3767 3.4283 -1.1353
v 1.2909 5.0240 -0.7374
v 1.2240 4.2845 -0.7482
v 0.5995 5.1220 -0.7068
v 0.4556 4.4078 -0.6817
v 0.0570 5.2294 -1.1762
v -0.0539 4.4533 -1.0454
v 0.4262 3.8869 -0.7447
v 1.1944 5.6447 -0.8089
v 0.8934 5.8390 -0.8670
v 0.3402 5.8512 -1.0496
v 0.9243 3.6193 -1.4200
v 0.9300 3.7647 -1.0399
v 0.5058 3.7477 -1.4987
v 0.4626 3.9243 -1.1707
v 0.0381 3.6338 -1.4658
v 0.0609 3.8710 -1.0476
v 0.4819 3.9743 -0.8987
v 0.8098 3.4851 -1.7254
v 0.6035 3.4821 -1.8198
v 0.2294 3.5070 -1.8018
v 1.3507 4.0117 -1.3128
v 1.1243 4.2028 -0.9393
v 1.0991 4.3026 -1.6642
v 0.8805 4.5419 -1.3677
v 0.6415 4.3527 -1.9919
v 0.4326 4.6423 -1.5557
v 0.7130 4.6130 -1.0989
v 1.4339 3.8798 -1.6952
v 1.3285 3.9451 -1.9303
v 1.0080 4.1129 -2.1799
v 0.6311 4.5699 -0.4057
v 0.7836 3.7409 -0.3010
v -0.1218 4.3585 -0.6111
v -0.0620 3.6448 -0.5024
v -0.4785 4.1908 -1.3707
v -0.4140 3.3920 -1.1050
v 0.1423 3.1431 -0.4646
v 0.3201 5.0805 -0.5799
v 0.0102 5.1570 -0.8057
v -0.4204 4.9438 -1.2097
v 1.6481 3.8092 -0.5165
v 1.2797 4.0553 -0.4869
v 1.7811 3.9941 -0.9450
v 1.4778 4.2680 -0.9624
v 1.7383 3.9605 -1.4685
v 1.3512 4.3096 -1.4048
v 1.2003 4.3848 -0.9341
v 1.9445 3.6116 -0.6617
v 2.0529 3.6194 -0.8841
v 2.0559 3.7122 -1.2828
v 1.7226 5.3173 -2.5172
v 1.6889 5.0974 -1.9848
v 1.1695 5.8126 -2.4568
v 1.0308 5.5403 -1.8038
v 0.4965 5.4736 -2.7111
v 0.5425 5.2278 -1.9205
v 1.0101 5.2337 -1.3780
v 1.6549 5.5864 -3.0346
v 1.3741 5.7434 -3.2305
v 0.8314 5.7758 -3.1895
v 0.7356 5.2125 -2.4596
v 1.1093 4.9768 -1.9147
v 0.1578 5.2819 -2.0815
v 0.4498 5.0683 -1.5006
v -0.3557 4.8199 -1.9869
v 0.0283 4.6976 -1.3533
v 0.7518 4.8200 -1.1685
v 0.2975 5.3306 -2.8480
v -0.0440 5.3220 -2.8188
v -0.4853 5.1346 -2.5483
v 0.6160 6.2459 -1.5233
v 0.6339 5.8371 -1.5451
v 1.0827 6.3190 -1.4204
v 1.1808 5.8917 -1.4487
v 1.3086 6.2640 -0.9712
v 1.3293 5.8370 -1.0076
v 1.1424 5.5697 -1.4328
v 0.7005 6.6197 -1.4739
v 0.8693 6.7681 -1.3568
v 1.1942 6.6977 -1.1083
v 1.0756 6.6600 -1.5769
v 0.9684 6.3699 -1.6835
v 1.4568 6.5507 -1.3365
v 1.4126 6.1684 -1.4859
v 1.5167 6.3462 -0.9121
v 1.4216 6.0191 -1.1363
v 1.2656 5.9165 -1.5789
v 1.2530 6.9723 -1.4155
v 1.5253 6.9822 -1.2239
v 1.6020 6.7538 -0.9357
v 1.3427 6.0461 -0.9104
v 1.4280 5.4282 -0.9445
v 0.7330 6.0007 -1.0008
v 0.7371 5.3924 -1.0389
v 0.4197 6.0272 -1.5361
v 0.4467 5.3628 -1.4654
v 0.8678 4.9629 -1.1234
v 1.1672 6.5433 -0.9809
v 0.9051 6.6540 -1.0918
v 0.5029 6.5791 -1.3619
v 1.6424 6.6732 -1.5880
v 1.5253 6.3302 -1.6261
v 1.3533 6.8809 -1.6090
v 1.2693 6.4619 -1.6235
v 1.0617 6.9469 -1.9257
v 1.0030 6.4850 -1.8684
v 1.2865 6.1497 -1.6934
v 1.7125 7.0869 -1.6082
v 1.5431 7.2564 -1.6818
v 1.2639 7.2133 -1.7960
v 1.8671 6.5528 -2.4113
v 1.7754 6.2944 -2.1305
v 1.5298 6.8466 -2.3273
v 1.4000 6.6423 -2.0202
v 1.0652 6.8456 -2.4711
v 0.9846 6.5877 -2.0937
v 1.3404 6.4142 -1.8532
v 1.8384 6.7844 -2.6587
v 1.7055 6.9893 -2.7118
v 1.3296 7.0975 -2.7050
v 1.1821 6.4850 -2.1316
v 1.1318 6.2310 -1.8509
v 1.4920 6.3388 -2.3049
v 1.3654 6.0563 -1.9802
v 1.9692 6.3739 -2.1456
v 1.7492 6.0307 -1.8397
v 1.2629 5.9720 -1.6854
v 1.3430 6.7819 -2.4273
v 1.5949 6.7742 -2.5192
v 1.8542 6.5888 -2.4281
v 2.3418 5.1148 -1.6814
v 2.1445 5.0597 -1.5108
v 2.5524 5.0187 -1.5462
v 2.2925 4.9504 -1.3853
v 2.7150 5.1730 -1.2746
v 2.4090 5.0478 -1.1430
v 2.0895 4.9901 -1.2950
v 2.6069 5.2072 -1.8206
v 2.7721 5.2108 -1.7326
v 2.8265 5.1780 -1.5100
v 2.2314 5.1124 -1.0466
v 2.0280 4.9402 -1.0396
v 2.1345 5.2967 -1.2155
v 1.9105 5.0844 -1.1622
v 2.1166 5.2703 -1.5662
v 1.8577 5.0600 -1.4421
v 1.8248 4.8773 -1.1354
v 2.4604 5.3099 -1.1289
v 2.4525 5.4163 -1.2828
v 2.3017 5.4185 -1.4584
v 1.6539 4.7749 -0.7148
v 1.4058 4.5395 -0.7486
v 1.5380 5.0210 -0.9280
v 1.2604 4.7284 -0.9088
v 1.5629 5.0192 -1.3811
v 1.2313 4.7202 -1.2761
v 1.1630 4.4543 -0.9043
v 1.9427 5.0515 -0.7717
v 1.9447 5.2021 -0.9603
v 1.7744 5.2116 -1.2052
v 2.2275 4.5297 -1.0495
v 1.8374 4.4661 -0.8188
v 2.0801 4.7086 -1.5351
v 1.7484 4.6234 -1.3113
v 1.6183 5.0000 -1.6367
v 1.2946 4.8820 -1.2269
v 1.4746 4.5431 -1.0236
v 2.4164 4.7045 -1.3354
v 2.3722 4.8274 -1.5749
v 2.0498 5.0533 -1.7257
v 2.3676 4.9771 -0.8230
v 1.9294 4.8937 -0.8054
v 2.5290 4.8617 -1.2624
v 2.1400 4.7786 -1.2146
v 2.2318 4.8850 -1.6576
v 1.7440 4.8570 -1.4794
v 1.7610 4.7452 -1.1090
v 2.6818 5.0543 -1.0110
v 2.7850 5.0331 -1.2350
v 2.6229 5.0334 -1.5699
v 2.1100 5.4955 -1.5630
v 1.7249 5.3346 -1.3326
v 1.8414 5.8285 -1.8604
v 1.4547 5.7509 -1.6668
v 1.5489 5.9009 -2.3384
v 1.1030 5.7804 -2.0152
v 1.2129 5.5851 -1.5275
v 2.3531 5.6554 -1.8562
v 2.2971 5.8058 -2.0679
v 2.0201 5.9650 -2.3699
v 2.7352 5.3889 -1.4893
v 2.6226 5.1974 -1.3113
v 2.4367 5.4386 -1.6427
v 2.2845 5.2725 -1.4866
v 2.3209 5.2694 -1.9359
v 2.1652 5.0835 -1.7023
v 2.2366 5.1159 -1.3672
v 2.7835 5.5190 -1.6933
v 2.6992 5.5409 -1.8260
v 2.5107 5.4728 -1.9956
v -1.3298 3.6300 -0.1344
v -0.9205 3.7101 -0.2186
v -1.3010 3.8650 0.3140
v -0.9119 3.9910 0.2889
v -1.1955 3.6321 0.7836
v -0.7342 3.8001 0.6730
v -0.6195 3.9930 0.2102
v -1.6397 3.5452 0.0463
v -1.6942 3.5546 0.2770
v -1.5964 3.5679 0.6567
v -1.4239 4.0741 0.3736
v -1.0658 4.0495 0.0897
v -1.2145 4.1547 0.8627
v -0.9144 4.1085 0.5885
v -0.7331 4.4139 0.9606
v -0.4638 4.3712 0.5000
v -0.6790 4.0802 0.2599
v -1.5715 4.1942 0.7079
v -1.4952 4.2683 0.9591
v -1.1491 4.4562 1.1095
v -1.5089 5.3095 -0.5385
v -1.3029 4.5401 -0.4647
v -1.0918 5.5385 0.0511
v -0.8411 4.8712 0.1806
v -1.1680 5.6277 0.8113
v -0.8057 4.8522 0.8338
v -0.8109 4.3316 0.2330
v -1.6561 5.9632 -0.4165
v -1.5652 6.2014 -0.1200
v -1.3816 6.2627 0.4772
v -2.0080 5.8662 -0.0236
v -1.5989 5.2632 0.1490
v -1.8230 6.4217 0.2270
v -1.3772 5.6656 0.3441
v -1.7218 6.5695 0.9143
v -1.2232 5.7507 0.9106
v -1.1885 5.0276 0.4515
v -2.4556 6.6039 -0.0791
v -2.4293 6.9916 0.1527
v -2.1133 7.0197 0.5461
v -1.3010 6.2079 1.5579
v -1.2991 5.8664 1.0871
v -1.7642 6.3098 1.7041
v -1.6916 5.8766 1.1746
v -2.1052 6.6660 1.4084
v -1.9880 6.1314 0.9033
v -1.5364 5.6214 0.7446
v -1.4108 6.5922 2.0408
v -1.6842 6.7959 2.1266
v -2.0010 6.7953 1.8947
v -2.4449 4.2871 -0.1020
v -1.6198 4.3110 -0.3280
v -2.3453 4.5701 0.7200
v -1.5858 4.6506 0.5639
v -2.0588 4.3701 1.5065
v -1.1719 4.4251 1.2291
v -1.0453 4.5514 0.3653
v -3.0948 4.2200 0.3240
v -3.1850 4.2260 0.8058
v -2.8672 4.3009 1.5690
v -1.0811 5.8939 -0.1106
v -0.7179 5.3913 -0.3435
v -0.6881 6.0232 0.3610
v -0.3037 5.5917 0.1999
v -0.5950 5.8485 0.9665
v -0.1237 5.4055 0.6760
v -0.1353 5.2027 0.0497
v -1.3267 6.2778 0.2217
v -1.2494 6.3926 0.5145
v -0.9898 6.3264 0.9600
v -0.4964 4.7759 0.2107
v -0.5793 4.4927 0.3654
v -0.6413 4.7435 -0.1518
v -0.6922 4.4927 0.0005
v -0.9687 4.5273 -0.2495
v -1.0022 4.2676 0.0391
v -0.7313 4.2803 0.2014
v -0.5454 4.9603 0.0058
v -0.6313 4.9736 -0.1728
v -0.8718 4.8314 -0.2995
v -2.1992 5.2887 1.1961
v -1.9766 5.1431 0.5620
v -1.5697 5.3260 1.5071
v -1.3159 5.2261 0.9433
v -1.0228 4.9647 1.7273
v -0.7961 4.8361 1.0262
v -1.2346 5.0545 0.5139
v -2.2366 5.3228 1.8208
v -1.9781 5.2627 2.1118
v -1.3518 5.1020 2.2754
v -0.2920 4.2402 -0.5661
v -0.2418 4.1162 -0.1793
v -0.7345 4.4204 -0.4681
v -0.7417 4.3439 -0.0816
v -1.1807 4.1715 -0.5259
v -1.1127 4.0972 -0.0525
v -0.6856 4.2092 0.1704
v -0.4409 4.3128 -0.8795
v -0.6589 4.3443 -0.9391
v -1.0298 4.3066 -0.8813
v -2.3465 5.7368 0.7474
v -1.9048 5.5264 0.3935
v -2.0830 5.7265 1.4067
v -1.7232 5.5192 1.0616
v -1.3723 5.7976 1.5716
v -1.0362 5.6109 0.9790
v -1.4297 5.3668 0.6415
v -2.4872 5.9565 1.1829
v -2.3732 6.0070 1.5207
v -1.8668 6.0595 1.7446
v -2.4455 6.1786 0.6975
v -2.2415 5.7500 0.6297
v -1.9305 6.5212 0.6730
v -1.6179 6.0112 0.6388
v -1.6976 6.5962 1.2869
v -1.4359 5.9884 1.0947
v -1.4931 5.5933 0.6533
v -2.5640 6.6442 0.7823
v -2.4293 6.8966 0.9090
v -2.0509 6.9867 1.1412
v -2.2709 7.0144 1.3016
v -2.0657 6.7230 1.1927
v -1.9869 7.1998 1.3451
v -1.8974 6.8502 1.2276
v -1.7444 7.1731 1.6248
v -1.6488 6.8089 1.4550
v -1.8839 6.5659 1.1787
v -2.3454 7.3494 1.4403
v -2.1479 7.4785 1.5052
v -1.9416 7.4241 1.5629
v 0.4585 5.1359 0.3428
v 0.2018 5.2285 0.3958
v 0.4848 5.3293 0.0750
v 0.2487 5.4539 0.0947
v 0.4084 5.2362 -0.2529
v 0.1275 5.3885 -0.1756
v 0.0582 5.4833 0.1392
v 0.6546 5.0610 0.2248
v 0.6997 5.0812 0.0779
v 0.6533 5.1357 -0.1683
v -0.0872 5.3138 1.5146
v -0.2779 5.2449 1.0000
v 0.3936 5.8220 1.3721
v 0.2445 5.7415 0.7021
v 1.0659 5.4895 1.2355
v 0.7025 5.4555 0.5295
v 0.0806 5.5652 0.2601
v 0.1883 5.4384 1.9892
v 0.5177 5.5530 2.0828
v 0.9762 5.6283 1.8437
v 0.5464 5.4805 -0.0572
v 0.2851 5.4868 0.1642
v 0.3527 5.5528 -0.3311
v 0.1236 5.5787 -0.1613
v 0.1666 5.3067 -0.5054
v -0.1118 5.3652 -0.2638
v -0.0049 5.5469 0.0037
v 0.7096 5.4393 -0.3074
v 0.6490 5.4159 -0.4598
v 0.4484 5.3465 -0.6331
v -0.5529 6.3110 -1.4883
v -0.2192 5.7008 -1.0281
v -0.7806 6.6382 -0.8121
v -0.4168 6.1483 -0.2629
v -1.5033 6.5557 -0.6522
v -0.9316 5.9730 -0.1243
v -0.1441 5.7696 0.0340
v -0.9386 6.8127 -1.6817
v -1.2052 7.0630 -1.5698
v -1.5156 7.0808 -1.1367
v -1.5601 7.0938 -0.6943
v -0.8683 6.6966 -0.7022
v -1.4814 7.3090 0.1529
v -0.7933 6.9568 0.2504
v -1.7480 6.9383 0.9162
v -0.9419 6.6577 0.9170
v -0.3519 6.5787 0.1952
v -2.1539 7.3701 -0.4843
v -2.3083 7.4544 -0.0873
v -2.3114 7.3552 0.6211
v 1.2102 7.6126 1.6130
v 0.9428 7.2573 1.3491
v 1.3756 7.9206 1.3437
v 1.0192 7.4927 1.0909
v 1.7662 7.8230 1.0287
v 1.3120 7.3988 0.8003
v 0.7956 7.1007 0.9770
v 1.5341 8.0219 1.8086
v 1.7562 8.1981 1.6771
v 1.8289 8.1527 1.3387
v 0.3874 6.5792 1.4996
v -0.0126 6.1077 0.9928
v 1.1402 6.7146 1.3368
v 0.7648 6.2657 0.9264
v 1.1656 6.7211 0.5155
v 0.5356 6.3246 0.1653
v 0.2820 5.8796 0.5553
v 0.8236 7.0295 1.6691
v 1.1834 7.1767 1.5881
v 1.3294 7.2162 1.0248
v 1.7588 7.3003 -2.2268
v 1.7227 7.0388 -2.0989
v 1.4722 7.3654 -2.2292
v 1.4244 7.1568 -2.1098
v 1.2819 7.2636 -2.4425
v 1.2412 7.0011 -2.2647
v 1.4427 6.9852 -2.0544
v 1.7208 7.5095 -2.3733
v 1.5975 7.5485 -2.4319
v 1.3798 7.5035 -2.5071
v 1.9272 6.9774 -1.8900
v 1.7765 6.6880 -1.9396
v 1.6542 7.1472 -1.8421
v 1.4798 6.9017 -1.8607
v 1.3854 7.3217 -1.9893
v 1.2081 6.9778 -1.9946
v 1.3966 6.7027 -1.9269
v 1.9848 7.2538 -1.8761
v 1.8855 7.3908 -1.8725
v 1.6404 7.5067 -1.9167
v 2.9501 5.4706 -1.4931
v 2.7451 5.3755 -1.4502
v 2.9565 5.5111 -1.7604
v 2.7815 5.4166 -1.7081
v 2.7315 5.5574 -1.9190
v 2.5276 5.4551 -1.7766
v 2.6178 5.3373 -1.6166
v 3.0617 5.5782 -1.6086
v 3.0717 5.6196 -1.7389
v 2.9273 5.6599 -1.8885
v 0.5271 7.2139 0.8566
v 0.3745 6.6229 1.1054
v 0.4856 7.0473 0.2048
v 0.3134 6.5004 0.3828
v 0.7704 6.7112 -0.2903
v 0.5776 6.0826 -0.0044
v 0.2866 6.1122 0.6088
v 0.7359 7.6425 0.4912
v 0.8443 7.6461 0.1296
v 0.9196 7.3084 -0.4080
v -0.5047 7.1120 1.1420
v -0.4827 6.4858 0.7344
v 0.3069 7.4825 0.6523
v 0.1391 6.7636 0.3891
v 0.5241 7.2834 -0.2928
v 0.1665 6.5944 -0.3587
v -0.1441 6.0806 0.1874
v -0.1962 7.8465 1.1239
v 0.2086 8.0482 0.8424
v 0.4691 7.9958 0.1550
v -0.7861 8.6316 0.1759
v -0.9612 7.9313 -0.1484
v -0.5226 8.2409 0.6758
v -0.5671 7.6777 0.4515
v -0.8234 8.1710 1.2546
v -0.9322 7.3808 0.8146
v -0.6326 7.3368 0.2403
v -0.6651 8.9388 0.5435
v -0.5883 8.9462 0.8552
v -0.6046 8.6624 1.2453
v 0.4820 7.6413 -0.3699
v 0.1179 7.2468 0.2560
v -0.1788 7.8208 -0.6104
v -0.4635 7.5335 -0.1030
v -0.6572 7.5137 -1.0771
v -0.9880 7.2319 -0.3680
v -0.6108 7.2232 0.2228
v 0.5350 7.8668 -0.8893
v 0.2927 7.9362 -1.1451
v -0.2365 7.8550 -1.3964
v -1.9913 8.7199 -0.6176
v -1.5274 8.3166 -0.5211
v -2.0149 8.9071 0.0405
v -1.5614 8.5430 0.2167
v -2.3739 8.6915 0.5937
v -1.8078 8.3615 0.7112
v -1.2770 8.1882 0.2414
v -2.4266 9.0246 -0.5436
v -2.5843 9.1270 -0.2618
v -2.6972 9.0796 0.2826
v -1.5820 7.9205 -0.4308
v -1.1923 7.7584 -0.1319
v -1.8287 8.2211 -0.2223
v -1.3311 8.0189 0.0701
v -2.1414 8.0953 0.1619
v -1.5551 7.9208 0.4153
v -0.9782 7.7676 0.2405
v -2.0394 8.1323 -0.6686
v -2.3010 8.2571 -0.5519
v -2.3334 8.2870 -0.2056
v -1.5957 9.1591 -0.0466
v -1.3332 8.5940 -0.2611
v -1.5276 8.9903 0.5973
v -1.2569 8.4213 0.4706
v -1.9546 8.6807 1.0176
v -1.5632 8.1236 0.8375
v -1.1436 8.0043 0.2565
v -1.8722 9.5464 0.2537
v -1.9727 9.5518 0.5697
v -2.0934 9.2846 1.0189
v -0.9370 8.7894 -0.5716
v -1.0557 8.0516 -0.5416
v -0.8634 8.7034 0.2289
v -0.8779 8.1301 0.3098
v -1.3286 8.9012 0.8203
v -1.3556 8.0378 0.7932
v -0.9010 7.7471 0.2721
v -0.9104 9.2182 -0.3397
v -0.9303 9.3704 -0.0019
v -1.0828 9.3132 0.5686
v 0.8891 7.8979 1.1520
v 0.7524 7.3688 1.3748
v 0.8519 7.7488 0.5685
v 0.6977 7.2591 0.7278
v 1.1628 7.4468 0.1632
v 1.0017 6.8895 0.4223
v 0.6737 6.9115 0.9301
v 1.0590 8.2817 0.9255
v 1.1995 8.3487 0.5151
v 1.3519 7.9576 0.0881
vt 0.79650 0.00005
vt 0.83568 0.00005
vt 0.83388 0.02534
vt 0.79875 0.02576
vt 0.91108 0.00605
vt 0.94792 0.01190
vt 0.93491 0.03487
vt 0.90266 0.02968
vt 0.75658 0.00267
vt 0.79650 0.00005
vt 0.79875 0.02576
vt 0.76407 0.02820
vt 0.87395 0.00213
vt 0.91108 0.00605
vt 0.90266 0.02968
vt 0.86863 0.02671
vt 0.71766 0.00856
vt 0.75658 0.00267
vt 0.76407 0.02820
vt 0.73038 0.03241
vt 0.83568 0.00005
vt 0.87395 0.00213
vt 0.86863 0.02671
vt 0.83388 0.02534
vt 0.94792 0.01190
vt 0.98405 0.02144
vt 0.96426 0.04168
vt 0.93491 0.03487
vt 0.68110 0.01773
vt 0.71766 0.00856
vt 0.73038 0.03241
vt 0.69922 0.03884
vt 0.76407 0.02820
vt 0.79875 0.02576
vt 0.80253 0.06422
vt 0.77283 0.06577
vt 0.86863 0.02671
vt 0.90266 0.02968
vt 0.89168 0.06663
vt 0.86240 0.06463
vt 0.73038 0.03241
vt 0.76407 0.02820
vt 0.77283 0.06577
vt 0.74396 0.06841
vt 0.83388 0.02534
vt 0.86863 0.02671
vt 0.86240 0.06463
vt 0.83254 0.06382
vt 0.93491 0.03487
vt 0.96426 0.04168
vt 0.94708 0.07378
vt 0.91997 0.06975
vt 0.69922 0.03884
vt 0.73038 0.03241
vt 0.74396 0.06841
vt 0.71645 0.07196
vt 0.79875 0.02576
vt 0.83388 0.02534
vt 0.83254 0.06382
vt 0.80253 0.06422
vt 0.90266 0.02968
vt 0.93491 0.03487
vt 0.91997 0.06975
vt 0.89168 0.06663
vt 0.80253 0.06422
vt 0.83254 0.06382
vt 0.83107 0.11500
vt 0.80550 0.11510
vt 0.89168 0.06663
vt 0.91997 0.06975
vt 0.90711 0.11839
vt 0.88200 0.11670
vt 0.77283 0.06577
vt 0.80253 0.06422
vt 0.80550 0.11510
vt 0.78011 0.11582
vt 0.86240 0.06463
vt 0.89168 0.06663
vt 0.88200 0.11670
vt 0.85664 0.11555
vt 0.74396 0.06841
vt 0.77283 0.06577
vt 0.78011 0.11582
vt 0.75515 0.11711
vt 0.83254 0.06382
vt 0.86240 0.06463
vt 0.85664 0.11555
vt 0.83107 0.11500
vt 0.91997 0.06975
vt 0.94708 0.07378
vt 0.93180 0.12052
vt 0.90711 0.11839
vt 0.71645 0.07196
vt 0.74396 0.06841
vt 0.75515 0.11711
vt 0.73066 0.11894
vt 0.83107 0.11500
vt 0.85664 0.11555
vt 0.84964 0.22076
vt 0.82871 0.22029
vt 0.90711 0.11839
vt 0.93180 0.12052
vt 0.91197 0.22272
vt 0.89134 0.22199
vt 0.73066 0.11894
vt 0.75515 0.11711
vt 0.76621 0.22054
vt 0.74561 0.22128
vt 0.80550 0.11510
vt 0.83107 0.11500
vt 0.82871 0.22029
vt 0.80780 0.22003
vt 0.88200 0.11670
vt 0.90711 0.11839
vt 0.89134 0.22199
vt 0.87054 0.22134
vt 0.78011 0.11582
vt 0.80550 0.11510
vt 0.80780 0.22003
vt 0.78695 0.22011
vt 0.85664 0.11555
vt 0.88200 0.11670
vt 0.87054 0.22134
vt 0.84964 0.22076
vt 0.75515 0.11711
vt 0.78011 0.11582
vt 0.78695 0.22011
vt 0.76621 0.22054
vt 0.84964 0.22076
vt 0.87054 0.22134
vt 0.86463 0.33666
vt 0.84530 0.33621
vt 0.76621 0.22054
vt 0.78695 0.22011
vt 0.78727 0.33563
vt 0.76793 0.33584
vt 0.82871 0.22029
vt 0.84964 0.22076
vt 0.84530 0.33621
vt 0.82599 0.33583
vt 0.89134 0.22199
vt 0.91197 0.22272
vt 0.90339 0.33760
vt 0.88400 0.33713
vt 0.74561 0.22128
vt 0.76621 0.22054
vt 0.76793 0.33584
vt 0.74859 0.33620
vt 0.80780 0.22003
vt 0.82871 0.22029
vt 0.82599 0.33583
vt 0.80663 0.33562
vt 0.87054 0.22134
vt 0.89134 0.22199
vt 0.88400 0.33713
vt 0.86463 0.33666
vt 0.78695 0.22011
vt 0.80780 0.22003
vt 0.80663 0.33562
vt 0.78727 0.33563
vt 0.86463 0.33666
vt 0.88400 0.33713
vt 0.87304 0.47277
vt 0.85625 0.47201
vt 0.78727 0.33563
vt 0.80663 0.33562
vt 0.80569 0.47178
vt 0.78894 0.47211
vt 0.84530 0.33621
vt 0.86463 0.33666
vt 0.85625 0.47201
vt 0.83944 0.47158
vt 0.76793 0.33584
vt 0.78727 0.33563
vt 0.78894 0.47211
vt 0.77234 0.47235
vt 0.82599 0.33583
vt 0.84530 0.33621
vt 0.83944 0.47158
vt 0.82253 0.47154
vt 0.88400 0.33713
vt 0.90339 0.33760
vt 0.88970 0.47368
vt 0.87304 0.47277
vt 0.74859 0.33620
vt 0.76793 0.33584
vt 0.77234 0.47235
vt 0.75553 0.47243
vt 0.80663 0.33562
vt 0.82599 0.33583
vt 0.82253 0.47154
vt 0.80569 0.47178
vt 0.87304 0.47277
vt 0.88970 0.47368
vt 0.87426 0.62426
vt 0.86071 0.62251
vt 0.75553 0.47243
vt 0.77234 0.47235
vt 0.77741 0.62398
vt 0.76336 0.62343
vt 0.80569 0.47178
vt 0.82253 0.47154
vt 0.81930 0.62151
vt 0.80544 0.62270
vt 0.85625 0.47201
vt 0.87304 0.47277
vt 0.86071 0.62251
vt 0.84701 0.62122
vt 0.78894 0.47211
vt 0.80569 0.47178
vt 0.80544 0.62270
vt 0.79148 0.62372
vt 0.83944 0.47158
vt 0.85625 0.47201
vt 0.84701 0.62122
vt 0.83320 0.62088
vt 0.77234 0.47235
vt 0.78894 0.47211
vt 0.79148 0.62372
vt 0.77741 0.62398
vt 0.82253 0.47154
vt 0.83944 0.47158
vt 0.83320 0.62088
vt 0.81930 0.62151
vt 0.77741 0.62398
vt 0.79148 0.62372
vt 0.79064 0.73650
vt 0.77981 0.73721
vt 0.81930 0.62151
vt 0.83320 0.62088
vt 0.82364 0.73573
vt 0.81249 0.73552
vt 0.86071 0.62251
vt 0.87426 0.62426
vt 0.85707 0.73813
vt 0.84589 0.73734
vt 0.76336 0.62343
vt 0.77741 0.62398
vt 0.77981 0.73721
vt 0.76878 0.73767
vt 0.80544 0.62270
vt 0.81930 0.62151
vt 0.81249 0.73552
vt 0.80147 0.73583
vt 0.84701 0.62122
vt 0.86071 0.62251
vt 0.84589 0.73734
vt 0.83481 0.73643
vt 0.79148 0.62372
vt 0.80544 0.62270
vt 0.80147 0.73583
vt 0.79064 0.73650
vt 0.83320 0.62088
vt 0.84701 0.62122
vt 0.83481 0.73643
vt 0.82364 0.73573
vt 0.79064 0.73650
vt 0.80147 0.73583
vt 0.79989 0.85912
vt 0.79283 0.85950
vt 0.82364 0.73573
vt 0.83481 0.73643
vt 0.82103 0.85784
vt 0.81400 0.85797
vt 0.77981 0.73721
vt 0.79064 0.73650
vt 0.79283 0.85950
vt 0.78574 0.85945
vt 0.81249 0.73552
vt 0.82364 0.73573
vt 0.81400 0.85797
vt 0.80692 0.85850
vt 0.84589 0.73734
vt 0.85707 0.73813
vt 0.83490 0.85905
vt 0.82795 0.85824
vt 0.76878 0.73767
vt 0.77981 0.73721
vt 0.78574 0.85945
vt 0.77859 0.85916
vt 0.80147 0.73583
vt 0.81249 0.73552
vt 0.80692 0.85850
vt 0.79989 0.85912
vt 0.83481 0.73643
vt 0.84589 0.73734
vt 0.82795 0.85824
vt 0.82103 0.85784
vt 0.79989 0.85912
vt 0.80692 0.85850
vt 0.80729 0.99359
vt 0.80342 0.99414
vt 0.82103 0.85784
vt 0.82795 0.85824
vt 0.81915 0.99370
vt 0.81528 0.99325
vt 0.79283 0.85950
vt 0.79989 0.85912
vt 0.80342 0.99414
vt 0.79964 0.99456
vt 0.81400 0.85797
vt 0.82103 0.85784
vt 0.81528 0.99325
vt 0.81126 0.99322
vt 0.78574 0.85945
vt 0.79283 0.85950
vt 0.79964 0.99456
vt 0.79582 0.99464
vt 0.80692 0.85850
vt 0.81400 0.85797
vt 0.81126 0.99322
vt 0.80729 0.99359
vt 0.82795 0.85824
vt 0.83490 0.85905
vt 0.82298 0.99434
vt 0.81915 0.99370
vt 0.77859 0.85916
vt 0.78574 0.85945
vt 0.79582 0.99464
vt 0.79202 0.99439
vt 0.82495 0.99644
vt 0.82388 0.99876
vt 0.82041 0.99995
vt 0.81657 0.99931
vt 0.81461 0.99721
vt 0.81568 0.99488
vt 0.81915 0.99370
vt 0.82298 0.99434
vt 0.84052 0.00608
vt 0.87364 0.00905
vt 0.84817 0.20258
vt 0.81864 0.20252
vt 0.73249 0.00164
vt 0.76777 0.00005
vt 0.76409 0.19581
vt 0.73682 0.19458
vt 0.80488 0.00203
vt 0.84052 0.00608
vt 0.81864 0.20252
vt 0.79086 0.19951
vt 0.90800 0.01006
vt 0.94331 0.01064
vt 0.90480 0.20129
vt 0.87694 0.20092
vt 0.87364 0.00905
vt 0.90800 0.01006
vt 0.87694 0.20092
vt 0.84817 0.20258
vt 0.76777 0.00005
vt 0.80488 0.00203
vt 0.79086 0.19951
vt 0.76409 0.19581
vt 0.76409 0.19581
vt 0.79086 0.19951
vt 0.77562 0.44243
vt 0.75420 0.43949
vt 0.81864 0.20252
vt 0.84817 0.20258
vt 0.81601 0.44756
vt 0.79563 0.44604
vt 0.73682 0.19458
vt 0.76409 0.19581
vt 0.75420 0.43949
vt 0.73249 0.44002
vt 0.79086 0.19951
vt 0.81864 0.20252
vt 0.79563 0.44604
vt 0.77562 0.44243
vt 0.87694 0.20092
vt 0.90480 0.20129
vt 0.85800 0.44496
vt 0.83674 0.44646
vt 0.84817 0.20258
vt 0.87694 0.20092
vt 0.83674 0.44646
vt 0.81601 0.44756
vt 0.77562 0.44243
vt 0.79563 0.44604
vt 0.78238 0.70085
vt 0.76691 0.69898
vt 0.83674 0.44646
vt 0.85800 0.44496
vt 0.82783 0.70283
vt 0.81273 0.70294
vt 0.81601 0.44756
vt 0.83674 0.44646
vt 0.81273 0.70294
vt 0.79768 0.70245
vt 0.75420 0.43949
vt 0.77562 0.44243
vt 0.76691 0.69898
vt 0.75170 0.69825
vt 0.79563 0.44604
vt 0.81601 0.44756
vt 0.79768 0.70245
vt 0.78238 0.70085
vt 0.73249 0.44002
vt 0.75420 0.43949
vt 0.75170 0.69825
vt 0.73659 0.69904
vt 0.75170 0.69825
vt 0.76691 0.69898
vt 0.75653 0.98865
vt 0.75004 0.98895
vt 0.78238 0.70085
vt 0.79768 0.70245
vt 0.76937 0.98921
vt 0.76297 0.98867
vt 0.73659 0.69904
vt 0.75170 0.69825
vt 0.75004 0.98895
vt 0.74327 0.98913
vt 0.76691 0.69898
vt 0.78238 0.70085
vt 0.76297 0.98867
vt 0.75653 0.98865
vt 0.81273 0.70294
vt 0.82783 0.70283
vt 0.78291 0.99096
vt 0.77599 0.99011
vt 0.79768 0.70245
vt 0.81273 0.70294
vt 0.77599 0.99011
vt 0.76937 0.98921
vt 0.77403 0.99911
vt 0.77155 0.99419
vt 0.77599 0.99011
vt 0.78291 0.99096
vt 0.78539 0.99588
vt 0.78095 0.99995
vt 0.72648 0.00005
vt 0.76215 0.00486
vt 0.76514 0.31154
vt 0.73705 0.30792
vt 0.79770 0.01017
vt 0.83214 0.01014
vt 0.82311 0.30991
vt 0.79372 0.31278
vt 0.90506 0.00005
vt 0.94297 0.00174
vt 0.90924 0.30883
vt 0.88095 0.30487
vt 0.76215 0.00486
vt 0.79770 0.01017
vt 0.79372 0.31278
vt 0.76514 0.31154
vt 0.86765 0.00489
vt 0.90506 0.00005
vt 0.88095 0.30487
vt 0.85220 0.30562
vt 0.83214 0.01014
vt 0.86765 0.00489
vt 0.85220 0.30562
vt 0.82311 0.30991
vt 0.76514 0.31154
vt 0.79372 0.31278
vt 0.81141 0.61573
vt 0.79206 0.61333
vt 0.85220 0.30562
vt 0.88095 0.30487
vt 0.86973 0.61301
vt 0.85003 0.61488
vt 0.82311 0.30991
vt 0.85220 0.30562
vt 0.85003 0.61488
vt 0.83079 0.61642
vt 0.73705 0.30792
vt 0.76514 0.31154
vt 0.79206 0.61333
vt 0.77209 0.61189
vt 0.79372 0.31278
vt 0.82311 0.30991
vt 0.83079 0.61642
vt 0.81141 0.61573
vt 0.88095 0.30487
vt 0.90924 0.30883
vt 0.88959 0.61349
vt 0.86973 0.61301
vt 0.77209 0.61189
vt 0.79206 0.61333
vt 0.80605 0.98682
vt 0.79761 0.98756
vt 0.81141 0.61573
vt 0.83079 0.61642
vt 0.82314 0.98682
vt 0.81459 0.98648
vt 0.86973 0.61301
vt 0.88959 0.61349
vt 0.84967 0.98859
vt 0.84090 0.98833
vt 0.79206 0.61333
vt 0.81141 0.61573
vt 0.81459 0.98648
vt 0.80605 0.98682
vt 0.85003 0.61488
vt 0.86973 0.61301
vt 0.84090 0.98833
vt 0.83196 0.98764
vt 0.83079 0.61642
vt 0.85003 0.61488
vt 0.83196 0.98764
vt 0.82314 0.98682
vt 0.83036 0.99926
vt 0.82669 0.99310
vt 0.83196 0.98764
vt 0.84090 0.98833
vt 0.84458 0.99449
vt 0.83930 0.99995
vt 0.89601 0.00084
vt 0.93308 0.00817
vt 0.90291 0.31229
vt 0.87599 0.30713
vt 0.75013 0.01303
vt 0.78488 0.01205
vt 0.79117 0.31075
vt 0.76235 0.31447
vt 0.85779 0.00005
vt 0.89601 0.00084
vt 0.87599 0.30713
vt 0.84792 0.30408
vt 0.71406 0.00873
vt 0.75013 0.01303
vt 0.76235 0.31447
vt 0.73374 0.31410
vt 0.82038 0.00584
vt 0.85779 0.00005
vt 0.84792 0.30408
vt 0.81962 0.30565
vt 0.78488 0.01205
vt 0.82038 0.00584
vt 0.81962 0.30565
vt 0.79117 0.31075
vt 0.73374 0.31410
vt 0.76235 0.31447
vt 0.79547 0.61440
vt 0.77598 0.61259
vt 0.81962 0.30565
vt 0.84792 0.30408
vt 0.85372 0.60990
vt 0.83410 0.61238
vt 0.79117 0.31075
vt 0.81962 0.30565
vt 0.83410 0.61238
vt 0.81491 0.61450
vt 0.87599 0.30713
vt 0.90291 0.31229
vt 0.89390 0.61252
vt 0.87414 0.60974
vt 0.76235 0.31447
vt 0.79117 0.31075
vt 0.81491 0.61450
vt 0.79547 0.61440
vt 0.84792 0.30408
vt 0.87599 0.30713
vt 0.87414 0.60974
vt 0.85372 0.60990
vt 0.87414 0.60974
vt 0.89390 0.61252
vt 0.86227 0.98851
vt 0.85346 0.98867
vt 0.79547 0.61440
vt 0.81491 0.61450
vt 0.82680 0.98767
vt 0.81817 0.98757
vt 0.85372 0.60990
vt 0.87414 0.60974
vt 0.85346 0.98867
vt 0.84477 0.98867
vt 0.77598 0.61259
vt 0.79547 0.61440
vt 0.81817 0.98757
vt 0.80958 0.98816
vt 0.83410 0.61238
vt 0.85372 0.60990
vt 0.84477 0.98867
vt 0.83573 0.98824
vt 0.81491 0.61450
vt 0.83410 0.61238
vt 0.83573 0.98824
vt 0.82680 0.98767
vt 0.85346 0.99995
vt 0.84477 0.99995
vt 0.84043 0.99431
vt 0.84477 0.98867
vt 0.85346 0.98867
vt 0.85780 0.99431
vt 0.72027 0.00522
vt 0.75613 0.00900
vt 0.77492 0.31509
vt 0.74669 0.31229
vt 0.79190 0.01327
vt 0.82627 0.01224
vt 0.83272 0.31178
vt 0.80352 0.31550
vt 0.89856 0.00005
vt 0.93649 0.00064
vt 0.91865 0.30821
vt 0.89020 0.30507
vt 0.75613 0.00900
vt 0.79190 0.01327
vt 0.80352 0.31550
vt 0.77492 0.31509
vt 0.86146 0.00596
vt 0.89856 0.00005
vt 0.89020 0.30507
vt 0.86154 0.30665
vt 0.82627 0.01224
vt 0.86146 0.00596
vt 0.86154 0.30665
vt 0.83272 0.31178
vt 0.77492 0.31509
vt 0.80352 0.31550
vt 0.83680 0.61744
vt 0.81736 0.61560
vt 0.86154 0.30665
vt 0.89020 0.30507
vt 0.89489 0.61303
vt 0.87531 0.61547
vt 0.83272 0.31178
vt 0.86154 0.30665
vt 0.87531 0.61547
vt 0.85618 0.61756
vt 0.74669 0.31229
vt 0.77492 0.31509
vt 0.81736 0.61560
vt 0.79735 0.61474
vt 0.80352 0.31550
vt 0.83272 0.31178
vt 0.85618 0.61756
vt 0.83680 0.61744
vt 0.89020 0.30507
vt 0.91865 0.30821
vt 0.91474 0.61293
vt 0.89489 0.61303
vt 0.79735 0.61474
vt 0.81736 0.61560
vt 0.85058 0.98807
vt 0.84219 0.98905
vt 0.83680 0.61744
vt 0.85618 0.61756
vt 0.86764 0.98758
vt 0.85909 0.98748
vt 0.89489 0.61303
vt 0.91474 0.61293
vt 0.89422 0.98857
vt 0.88546 0.98857
vt 0.81736 0.61560
vt 0.83680 0.61744
vt 0.85909 0.98748
vt 0.85058 0.98807
vt 0.87531 0.61547
vt 0.89489 0.61303
vt 0.88546 0.98857
vt 0.87649 0.98814
vt 0.85618 0.61756
vt 0.87531 0.61547
vt 0.87649 0.98814
vt 0.86764 0.98758
vt 0.89422 0.99995
vt 0.88545 0.99995
vt 0.88107 0.99426
vt 0.88546 0.98857
vt 0.89422 0.98857
vt 0.89860 0.99426
vt 0.39096 0.29308
vt 0.66296 0.47348
vt 0.52797 0.51472
vt 0.65830 0.20320
vt 0.66296 0.47348
vt 0.39096 0.29308
vt 0.01523 0.04760
vt 0.32770 -0.00103
vt 0.34392 0.12174
vt 0.34392 0.12174
vt 0.32770 -0.00103
vt 0.65194 0.00563
vt 0.65830 0.20320
vt 0.39096 0.29308
vt 0.34392 0.12174
vt 0.65830 0.20320
vt 0.34392 0.12174
vt 0.65194 0.00563
vt 0.39096 0.29308
vt 0.52797 0.51472
vt 0.26519 0.48063
vt 0.39096 0.29308
vt 0.26519 0.48063
vt 0.02318 0.27281
vt 0.39096 0.29308
vt 0.02318 0.27281
vt 0.34392 0.12174
vt 0.34392 0.12174
vt 0.02318 0.27281
vt 0.01523 0.04760
vt 0.39096 0.29308
vt 0.66296 0.47348
vt 0.52797 0.51472
vt 0.65830 0.20320
vt 0.66296 0.47348
vt 0.39096 0.29308
vt 0.01523 0.04760
vt 0.32770 -0.00103
vt 0.34392 0.12174
vt 0.34392 0.12174
vt 0.32770 -0.00103
vt 0.65194 0.00563
vt 0.65830 0.20320
vt 0.39096 0.29308
vt 0.34392 0.12174
vt 0.65830 0.20320
vt 0.34392 0.12174
vt 0.65194 0.00563
vt 0.39096 0.29308
vt 0.52797 0.51472
vt 0.26519 0.48063
vt 0.39096 0.29308
vt 0.26519 0.48063
vt 0.02318 0.27281
vt 0.39096 0.29308
vt 0.02318 0.27281
vt 0.34392 0.12174
vt 0.34392 0.12174
vt 0.02318 0.27281
vt 0.01523 0.04760
vt 0.39096 0.29308
vt 0.66296 0.47348
vt 0.52797 0.51472
vt 0.65830 0.20320
vt 0.66296 0.47348
vt 0.39096 0.29308
vt 0.01523 0.04760
vt 0.32770 -0.00103
vt 0.34392 0.12174
vt 0.34392 0.12174
vt 0.32770 -0.00103
vt 0.65194 0.00563
vt 0.65830 0.20320
vt 0.39096 0.29308
vt 0.34392 0.12174
vt 0.65830 0.20320
vt 0.34392 0.12174
vt 0.65194 0.00563
vt 0.39096 0.29308
vt 0.52797 0.51472
vt 0.26519 0.48063
vt 0.39096 0.29308
vt 0.26519 0.48063
vt 0.02318 0.27281
vt 0.39096 0.29308
vt 0.02318 0.27281
vt 0.34392 0.12174
vt 0.34392 0.12174
vt 0.02318 0.27281
vt 0.01523 0.04760
vt 0.39096 0.29308
vt 0.66296 0.47348
vt 0.52797 0.51472
vt 0.65830 0.20320
vt 0.66296 0.47348
vt 0.39096 0.29308
vt 0.01523 0.04760
vt 0.32770 -0.00103
vt 0.34392 0.12174
vt 0.34392 0.12174
vt 0.32770 -0.00103
vt 0.65194 0.00563
vt 0.65830 0.20320
vt 0.39096 0.29308
vt 0.34392 0.12174
vt 0.65830 0.20320
vt 0.34392 0.12174
vt 0.65194 0.00563
vt 0.39096 0.29308
vt 0.52797 0.51472
vt 0.26519 0.48063
vt 0.39096 0.29308
vt 0.26519 0.48063
vt 0.02318 0.27281
vt 0.39096 0.29308
vt 0.02318 0.27281
vt 0.34392 0.12174
vt 0.34392 0.12174
vt 0.02318 0.27281
vt 0.01523 0.04760
vt 0.39096 0.29308
vt 0.66296 0.47348
vt 0.52797 0.51472
vt 0.65830 0.20320
vt 0.66296 0.47348
vt 0.39096 0.29308
vt 0.01523 0.04760
vt 0.32770 -0.00103
vt 0.34392 0.12174
vt 0.34392 0.12174
vt 0.32770 -0.00103
vt 0.65194 0.00563
vt 0.65830 0.20320
vt 0.39096 0.29308
vt 0.34392 0.12174
vt 0.65830 0.20320
vt 0.34392 0.12174
vt 0.65194 0.00563
vt 0.39096 0.29308
vt 0.52797 0.51472
vt 0.26519 0.48063
vt 0.39096 0.29308
vt 0.26519 0.48063
vt 0.02318 0.27281
vt 0.39096 0.29308
vt 0.02318 0.27281
vt 0.34392 0.12174
vt 0.34392 0.12174
vt 0.02318 0.27281
vt 0.01523 0.04760
vt 0.39096 0.29308
vt 0.66296 0.47348
vt 0.52797 0.51472
vt 0.65830 0.20320
vt 0.66296 0.47348
vt 0.39096 0.29308
vt 0.01523 0.04760
vt 0.32770 -0.00103
vt 0.34392 0.12174
vt 0.34392 0.12174
vt 0.32770 -0.00103
vt 0.65194 0.00563
vt 0.65830 0.20320
vt 0.39096 0.29308
vt 0.34392 0.12174
vt 0.65830 0.20320
vt 0.34392 0.12174
vt 0.65194 0.00563
vt 0.39096 0.29308
vt 0.52797 0.51472
vt 0.26519 0.48063
vt 0.39096 0.29308
vt 0.26519 0.48063
vt 0.02318 0.27281
vt 0.39096 0.29308
vt 0.02318 0.27281
vt 0.34392 0.12174
vt 0.34392 0.12174
vt 0.02318 0.27281
vt 0.01523 0.04760
vt 0.39096 0.29308
vt 0.66296 0.47348
vt 0.52797 0.51472
vt 0.65830 0.20320
vt 0.66296 0.47348
vt 0.39096 0.29308
vt 0.01523 0.04760
vt 0.32770 -0.00103
vt 0.34392 0.12174
vt 0.34392 0.12174
vt 0.32770 -0.00103
vt 0.65194 0.00563
vt 0.65830 0.20320
vt 0.39096 0.29308
vt 0.34392 0.12174
vt 0.65830 0.20320
vt 0.34392 0.12174
vt 0.65194 0.00563
vt 0.39096 0.29308
vt 0.52797 0.51472
vt 0.26519 0.48063
vt 0.39096 0.29308
vt 0.26519 0.48063
vt 0.02318 0.27281
vt 0.39096 0.29308
vt 0.02318 0.27281
vt 0.34392 0.12174
vt 0.34392 0.12174
vt 0.02318 0.27281
vt 0.01523 0.04760
vt 0.39096 0.29308
vt 0.66296 0.47348
vt 0.52797 0.51472
vt 0.65830 0.20320
vt 0.66296 0.47348
vt 0.39096 0.29308
vt 0.01523 0.04760
vt 0.32770 -0.00103
vt 0.34392 0.12174
vt 0.34392 0.12174
vt 0.32770 -0.00103
vt 0.65194 0.00563
vt 0.65830 0.20320
vt 0.39096 0.29308
vt 0.34392 0.12174
vt 0.65830 0.20320
vt 0.34392 0.12174
vt 0.65194 0.00563
vt 0.39096 0.29308
vt 0.52797 0.51472
vt 0.26519 0.48063
vt 0.39096 0.29308
vt 0.26519 0.48063
vt 0.02318 0.27281
vt 0.39096 0.29308
vt 0.02318 0.27281
vt 0.34392 0.12174
vt 0.34392 0.12174
vt 0.02318 0.27281
vt 0.01523 0.04760
vt 0.39096 0.29308
vt 0.66296 0.47348
vt 0.52797 0.51472
vt 0.65830 0.20320
vt 0.66296 0.47348
vt 0.39096 0.29308
vt 0.01523 0.04760
vt 0.32770 -0.00103
vt 0.34392 0.12174
vt 0.34392 0.12174
vt 0.32770 -0.00103
vt 0.65194 0.00563
vt 0.65830 0.20320
vt 0.39096 0.29308
vt 0.34392 0.12174
vt 0.65830 0.20320
vt 0.34392 0.12174
vt 0.65194 0.00563
vt 0.39096 0.29308
vt 0.52797 0.51472
vt 0.26519 0.48063
vt 0.39096 0.29308
vt 0.26519 0.48063
vt 0.02318 0.27281
vt 0.39096 0.29308
vt 0.02318 0.27281
vt 0.34392 0.12174
vt 0.34392 0.12174
vt 0.02318 0.27281
vt 0.01523 0.04760
vt 0.39096 0.29308
vt 0.66296 0.47348
vt 0.52797 0.51472
vt 0.65830 0.20320
vt 0.66296 0.47348
vt 0.39096 0.29308
vt 0.01523 0.04760
vt 0.32770 -0.00103
vt 0.34392 0.12174
vt 0.34392 0.12174
vt 0.32770 -0.00103
vt 0.65194 0.00563
vt 0.65830 0.20320
vt 0.39096 0.29308
vt 0.34392 0.12174
vt 0.65830 0.20320
vt 0.34392 0.12174
vt 0.65194 0.00563
vt 0.39096 0.29308
vt 0.52797 0.51472
vt 0.26519 0.48063
vt 0.39096 0.29308
vt 0.26519 0.48063
vt 0.02318 0.27281
vt 0.39096 0.29308
vt 0.02318 0.27281
vt 0.34392 0.12174
vt 0.34392 0.12174
vt 0.02318 0.27281
vt 0.01523 0.04760
vt 0.39096 0.29308
vt 0.66296 0.47348
vt 0.52797 0.51472
vt 0.65830 0.20320
vt 0.66296 0.47348
vt 0.39096 0.29308
vt 0.01523 0.04760
vt 0.32770 -0.00103
vt 0.34392 0.12174
vt 0.34392 0.12174
vt 0.32770 -0.00103
vt 0.65194 0.00563
vt 0.65830 0.20320
vt 0.39096 0.29308
vt 0.34392 0.12174
vt 0.65830 0.20320
vt 0.34392 0.12174
vt 0.65194 0.00563
vt 0.39096 0.29308
vt 0.52797 0.51472
vt 0.26519 0.48063
vt 0.39096 0.29308
vt 0.26519 0.48063
vt 0.02318 0.27281
vt 0.39096 0.29308
vt 0.02318 0.27281
vt 0.34392 0.12174
vt 0.34392 0.12174
vt 0.02318 0.27281
vt 0.01523 0.04760
vt 0.32281 0.81215
vt 0.65991 0.89642
vt 0.45880 1.00023
vt 0.65830 0.70320
vt 0.65991 0.89642
vt 0.32281 0.81215
vt 0.00709 0.59032
vt 0.33564 0.49821
vt 0.32866 0.61564
vt 0.32866 0.61564
vt 0.33564 0.49821
vt 0.46171 0.52776
vt 0.65830 0.70320
vt 0.32281 0.81215
vt 0.32866 0.61564
vt 0.65830 0.70320
vt 0.32866 0.61564
vt 0.46171 0.52776
vt 0.32281 0.81215
vt 0.45880 1.00023
vt 0.25502 0.97109
vt 0.32281 0.81215
vt 0.25502 0.97109
vt 0.00283 0.84606
vt 0.32281 0.81215
vt 0.00283 0.84606
vt 0.32866 0.61564
vt 0.32866 0.61564
vt 0.00283 0.84606
vt 0.00709 0.59032
vt 0.39096 0.29308
vt 0.66296 0.47348
vt 0.52797 0.51472
vt 0.65830 0.20320
vt 0.66296 0.47348
vt 0.39096 0.29308
vt 0.01523 0.04760
vt 0.32770 -0.00103
vt 0.34392 0.12174
vt 0.34392 0.12174
vt 0.32770 -0.00103
vt 0.65194 0.00563
vt 0.65830 0.20320
vt 0.39096 0.29308
vt 0.34392 0.12174
vt 0.65830 0.20320
vt 0.34392 0.12174
vt 0.65194 0.00563
vt 0.39096 0.29308
vt 0.52797 0.51472
vt 0.26519 0.48063
vt 0.39096 0.29308
vt 0.26519 0.48063
vt 0.02318 0.27281
vt 0.39096 0.29308
vt 0.02318 0.27281
vt 0.34392 0.12174
vt 0.34392 0.12174
vt 0.02318 0.27281
vt 0.01523 0.04760
vt 0.32281 0.81215
vt 0.65991 0.89642
vt 0.45880 1.00023
vt 0.65830 0.70320
vt 0.65991 0.89642
vt 0.32281 0.81215
vt 0.00709 0.59032
vt 0.33564 0.49821
vt 0.32866 0.61564
vt 0.32866 0.61564
vt 0.33564 0.49821
vt 0.46171 0.52776
vt 0.65830 0.70320
vt 0.32281 0.81215
vt 0.32866 0.61564
vt 0.65830 0.70320
vt 0.32866 0.61564
vt 0.46171 0.52776
vt 0.32281 0.81215
vt 0.45880 1.00023
vt 0.25502 0.97109
vt 0.32281 0.81215
vt 0.25502 0.97109
vt 0.00283 0.84606
vt 0.32281 0.81215
vt 0.00283 0.84606
vt 0.32866 0.61564
vt 0.32866 0.61564
vt 0.00283 0.84606
vt 0.00709 0.59032
vt 0.32281 0.81215
vt 0.65991 0.89642
vt 0.45880 1.00023
vt 0.65830 0.70320
vt 0.65991 0.89642
vt 0.32281 0.81215
vt 0.00709 0.59032
vt 0.33564 0.49821
vt 0.32866 0.61564
vt 0.32866 0.61564
vt 0.33564 0.49821
vt 0.46171 0.52776
vt 0.65830 0.70320
vt 0.32281 0.81215
vt 0.32866 0.61564
vt 0.65830 0.70320
vt 0.32866 0.61564
vt 0.46171 0.52776
vt 0.32281 0.81215
vt 0.45880 1.00023
vt 0.25502 0.97109
vt 0.32281 0.81215
vt 0.25502 0.97109
vt 0.00283 0.84606
vt 0.32281 0.81215
vt 0.00283 0.84606
vt 0.32866 0.61564
vt 0.32866 0.61564
vt 0.00283 0.84606
vt 0.00709 0.59032
vt 0.32281 0.81215
vt 0.65991 0.89642
vt 0.45880 1.00023
vt 0.65830 0.70320
vt 0.65991 0.89642
vt 0.32281 0.81215
vt 0.00709 0.59032
vt 0.33564 0.49821
vt 0.32866 0.61564
vt 0.32866 0.61564
vt 0.33564 0.49821
vt 0.46171 0.52776
vt 0.65830 0.70320
vt 0.32281 0.81215
vt 0.32866 0.61564
vt 0.65830 0.70320
vt 0.32866 0.61564
vt 0.46171 0.52776
vt 0.32281 0.81215
vt 0.45880 1.00023
vt 0.25502 0.97109
vt 0.32281 0.81215
vt 0.25502 0.97109
vt 0.00283 0.84606
vt 0.32281 0.81215
vt 0.00283 0.84606
vt 0.32866 0.61564
vt 0.32866 0.61564
vt 0.00283 0.84606
vt 0.00709 0.59032
vt 0.32281 0.81215
vt 0.65991 0.89642
vt 0.45880 1.00023
vt 0.65830 0.70320
vt 0.65991 0.89642
vt 0.32281 0.81215
vt 0.00709 0.59032
vt 0.33564 0.49821
vt 0.32866 0.61564
vt 0.32866 0.61564
vt 0.33564 0.49821
vt 0.46171 0.52776
vt 0.65830 0.70320
vt 0.32281 0.81215
vt 0.32866 0.61564
vt 0.65830 0.70320
vt 0.32866 0.61564
vt 0.46171 0.52776
vt 0.32281 0.81215
vt 0.45880 1.00023
vt 0.25502 0.97109
vt 0.32281 0.81215
vt 0.25502 0.97109
vt 0.00283 0.84606
vt 0.32281 0.81215
vt 0.00283 0.84606
vt 0.32866 0.61564
vt 0.32866 0.61564
vt 0.00283 0.84606
vt 0.00709 0.59032
vt 0.39096 0.29308
vt 0.66296 0.47348
vt 0.52797 0.51472
vt 0.65830 0.20320
vt 0.66296 0.47348
vt 0.39096 0.29308
vt 0.01523 0.04760
vt 0.32770 -0.00103
vt 0.34392 0.12174
vt 0.34392 0.12174
vt 0.32770 -0.00103
vt 0.65194 0.00563
vt 0.65830 0.20320
vt 0.39096 0.29308
vt 0.34392 0.12174
vt 0.65830 0.20320
vt 0.34392 0.12174
vt 0.65194 0.00563
vt 0.39096 0.29308
vt 0.52797 0.51472
vt 0.26519 0.48063
vt 0.39096 0.29308
vt 0.26519 0.48063
vt 0.02318 0.27281
vt 0.39096 0.29308
vt 0.02318 0.27281
vt 0.34392 0.12174
vt 0.34392 0.12174
vt 0.02318 0.27281
vt 0.01523 0.04760
vt 0.39096 0.29308
vt 0.66296 0.47348
vt 0.52797 0.51472
vt 0.65830 0.20320
vt 0.66296 0.47348
vt 0.39096 0.29308
vt 0.01523 0.04760
vt 0.32770 -0.00103
vt 0.34392 0.12174
vt 0.34392 0.12174
vt 0.32770 -0.00103
vt 0.65194 0.00563
vt 0.65830 0.20320
vt 0.39096 0.29308
vt 0.34392 0.12174
vt 0.65830 0.20320
vt 0.34392 0.12174
vt 0.65194 0.00563
vt 0.39096 0.29308
vt 0.52797 0.51472
vt 0.26519 0.48063
vt 0.39096 0.29308
vt 0.26519 0.48063
vt 0.02318 0.27281
vt 0.39096 0.29308
vt 0.02318 0.27281
vt 0.34392 0.12174
vt 0.34392 0.12174
vt 0.02318 0.27281
vt 0.01523 0.04760
vt 0.39096 0.29308
vt 0.66296 0.47348
vt 0.52797 0.51472
vt 0.65830 0.20320
vt 0.66296 0.47348
vt 0.39096 0.29308
vt 0.01523 0.04760
vt 0.32770 -0.00103
vt 0.34392 0.12174
vt 0.34392 0.12174
vt 0.32770 -0.00103
vt 0.65194 0.00563
vt 0.65830 0.20320
vt 0.39096 0.29308
vt 0.34392 0.12174
vt 0.65830 0.20320
vt 0.34392 0.12174
vt 0.65194 0.00563
vt 0.39096 0.29308
vt 0.52797 0.51472
vt 0.26519 0.48063
vt 0.39096 0.29308
vt 0.26519 0.48063
vt 0.02318 0.27281
vt 0.39096 0.29308
vt 0.02318 0.27281
vt 0.34392 0.12174
vt 0.34392 0.12174
vt 0.02318 0.27281
vt 0.01523 0.04760
vt 0.39096 0.29308
vt 0.66296 0.47348
vt 0.52797 0.51472
vt 0.65830 0.20320
vt 0.66296 0.47348
vt 0.39096 0.29308
vt 0.01523 0.04760
vt 0.32770 -0.00103
vt 0.34392 0.12174
vt 0.34392 0.12174
vt 0.32770 -0.00103
vt 0.65194 0.00563
vt 0.65830 0.20320
vt 0.39096 0.29308
vt 0.34392 0.12174
vt 0.65830 0.20320
vt 0.34392 0.12174
vt 0.65194 0.00563
vt 0.39096 0.29308
vt 0.52797 0.51472
vt 0.26519 0.48063
vt 0.39096 0.29308
vt 0.26519 0.48063
vt 0.02318 0.27281
vt 0.39096 0.29308
vt 0.02318 0.27281
vt 0.34392 0.12174
vt 0.34392 0.12174
vt 0.02318 0.27281
vt 0.01523 0.04760
vt 0.39096 0.29308
vt 0.66296 0.47348
vt 0.52797 0.51472
vt 0.65830 0.20320
vt 0.66296 0.47348
vt 0.39096 0.29308
vt 0.01523 0.04760
vt 0.32770 -0.00103
vt 0.34392 0.12174
vt 0.34392 0.12174
vt 0.32770 -0.00103
vt 0.65194 0.00563
vt 0.65830 0.20320
vt 0.39096 0.29308
vt 0.34392 0.12174
vt 0.65830 0.20320
vt 0.34392 0.12174
vt 0.65194 0.00563
vt 0.39096 0.29308
vt 0.52797 0.51472
vt 0.26519 0.48063
vt 0.39096 0.29308
vt 0.26519 0.48063
vt 0.02318 0.27281
vt 0.39096 0.29308
vt 0.02318 0.27281
vt 0.34392 0.12174
vt 0.34392 0.12174
vt 0.02318 0.27281
vt 0.01523 0.04760
vt 0.39096 0.29308
vt 0.66296 0.47348
vt 0.52797 0.51472
vt 0.65830 0.20320
vt 0.66296 0.47348
vt 0.39096 0.29308
vt 0.01523 0.04760
vt 0.32770 -0.00103
vt 0.34392 0.12174
vt 0.34392 0.12174
vt 0.32770 -0.00103
vt 0.65194 0.00563
vt 0.65830 0.20320
vt 0.39096 0.29308
vt 0.34392 0.12174
vt 0.65830 0.20320
vt 0.34392 0.12174
vt 0.65194 0.00563
vt 0.39096 0.29308
vt 0.52797 0.51472
vt 0.26519 0.48063
vt 0.39096 0.29308
vt 0.26519 0.48063
vt 0.02318 0.27281
vt 0.39096 0.29308
vt 0.02318 0.27281
vt 0.34392 0.12174
vt 0.34392 0.12174
vt 0.02318 0.27281
vt 0.01523 0.04760
vt 0.39096 0.29308
vt 0.66296 0.47348
vt 0.52797 0.51472
vt 0.65830 0.20320
vt 0.66296 0.47348
vt 0.39096 0.29308
vt 0.01523 0.04760
vt 0.32770 -0.00103
vt 0.34392 0.12174
vt 0.34392 0.12174
vt 0.32770 -0.00103
vt 0.65194 0.00563
vt 0.65830 0.20320
vt 0.39096 0.29308
vt 0.34392 0.12174
vt 0.65830 0.20320
vt 0.34392 0.12174
vt 0.65194 0.00563
vt 0.39096 0.29308
vt 0.52797 0.51472
vt 0.26519 0.48063
vt 0.39096 0.29308
vt 0.26519 0.48063
vt 0.02318 0.27281
vt 0.39096 0.29308
vt 0.02318 0.27281
vt 0.34392 0.12174
vt 0.34392 0.12174
vt 0.02318 0.27281
vt 0.01523 0.04760
vt 0.32281 0.81215
vt 0.65991 0.89642
vt 0.45880 1.00023
vt 0.65830 0.70320
vt 0.65991 0.89642
vt 0.32281 0.81215
vt 0.00709 0.59032
vt 0.33564 0.49821
vt 0.32866 0.61564
vt 0.32866 0.61564
vt 0.33564 0.49821
vt 0.46171 0.52776
vt 0.65830 0.70320
vt 0.32281 0.81215
vt 0.32866 0.61564
vt 0.65830 0.70320
vt 0.32866 0.61564
vt 0.46171 0.52776
vt 0.32281 0.81215
vt 0.45880 1.00023
vt 0.25502 0.97109
vt 0.32281 0.81215
vt 0.25502 0.97109
vt 0.00283 0.84606
vt 0.32281 0.81215
vt 0.00283 0.84606
vt 0.32866 0.61564
vt 0.32866 0.61564
vt 0.00283 0.84606
vt 0.00709 0.59032
vt 0.32281 0.81215
vt 0.65991 0.89642
vt 0.45880 1.00023
vt 0.65830 0.70320
vt 0.65991 0.89642
vt 0.32281 0.81215
vt 0.00709 0.59032
vt 0.33564 0.49821
vt 0.32866 0.61564
vt 0.32866 0.61564
vt 0.33564 0.49821
vt 0.46171 0.52776
vt 0.65830 0.70320
vt 0.32281 0.81215
vt 0.32866 0.61564
vt 0.65830 0.70320
vt 0.32866 0.61564
vt 0.46171 0.52776
vt 0.32281 0.81215
vt 0.45880 1.00023
vt 0.25502 0.97109
vt 0.32281 0.81215
vt 0.25502 0.97109
vt 0.00283 0.84606
vt 0.32281 0.81215
vt 0.00283 0.84606
vt 0.32866 0.61564
vt 0.32866 0.61564
vt 0.00283 0.84606
vt 0.00709 0.59032
vt 0.39096 0.29308
vt 0.66296 0.47348
vt 0.52797 0.51472
vt 0.65830 0.20320
vt 0.66296 0.47348
vt 0.39096 0.29308
vt 0.01523 0.04760
vt 0.32770 -0.00103
vt 0.34392 0.12174
vt 0.34392 0.12174
vt 0.32770 -0.00103
vt 0.65194 0.00563
vt 0.65830 0.20320
vt 0.39096 0.29308
vt 0.34392 0.12174
vt 0.65830 0.20320
vt 0.34392 0.12174
vt 0.65194 0.00563
vt 0.39096 0.29308
vt 0.52797 0.51472
vt 0.26519 0.48063
vt 0.39096 0.29308
vt 0.26519 0.48063
vt 0.02318 0.27281
vt 0.39096 0.29308
vt 0.02318 0.27281
vt 0.34392 0.12174
vt 0.34392 0.12174
vt 0.02318 0.27281
vt 0.01523 0.04760
vt 0.39096 0.29308
vt 0.66296 0.47348
vt 0.52797 0.51472
vt 0.65830 0.20320
vt 0.66296 0.47348
vt 0.39096 0.29308
vt 0.01523 0.04760
vt 0.32770 -0.00103
vt 0.34392 0.12174
vt 0.34392 0.12174
vt 0.32770 -0.00103
vt 0.65194 0.00563
vt 0.65830 0.20320
vt 0.39096 0.29308
vt 0.34392 0.12174
vt 0.65830 0.20320
vt 0.34392 0.12174
vt 0.65194 0.00563
vt 0.39096 0.29308
vt 0.52797 0.51472
vt 0.26519 0.48063
vt 0.39096 0.29308
vt 0.26519 0.48063
vt 0.02318 0.27281
vt 0.39096 0.29308
vt 0.02318 0.27281
vt 0.34392 0.12174
vt 0.34392 0.12174
vt 0.02318 0.27281
vt 0.01523 0.04760
vt 0.39096 0.29308
vt 0.66296 0.47348
vt 0.52797 0.51472
vt 0.65830 0.20320
vt 0.66296 0.47348
vt 0.39096 0.29308
vt 0.01523 0.04760
vt 0.32770 -0.00103
vt 0.34392 0.12174
vt 0.34392 0.12174
vt 0.32770 -0.00103
vt 0.65194 0.00563
vt 0.65830 0.20320
vt 0.39096 0.29308
vt 0.34392 0.12174
vt 0.65830 0.20320
vt 0.34392 0.12174
vt 0.65194 0.00563
vt 0.39096 0.29308
vt 0.52797 0.51472
vt 0.26519 0.48063
vt 0.39096 0.29308
vt 0.26519 0.48063
vt 0.02318 0.27281
vt 0.39096 0.29308
vt 0.02318 0.27281
vt 0.34392 0.12174
vt 0.34392 0.12174
vt 0.02318 0.27281
vt 0.01523 0.04760
vt 0.39096 0.29308
vt 0.66296 0.47348
vt 0.52797 0.51472
vt 0.65830 0.20320
vt 0.66296 0.47348
vt 0.39096 0.29308
vt 0.01523 0.04760
vt 0.32770 -0.00103
vt 0.34392 0.12174
vt 0.34392 0.12174
vt 0.32770 -0.00103
vt 0.65194 0.00563
vt 0.65830 0.20320
vt 0.39096 0.29308
vt 0.34392 0.12174
vt 0.65830 0.20320
vt 0.34392 0.12174
vt 0.65194 0.00563
vt 0.39096 0.29308
vt 0.52797 0.51472
vt 0.26519 0.48063
vt 0.39096 0.29308
vt 0.26519 0.48063
vt 0.02318 0.27281
vt 0.39096 0.29308
vt 0.02318 0.27281
vt 0.34392 0.12174
vt 0.34392 0.12174
vt 0.02318 0.27281
vt 0.01523 0.04760
vt 0.39096 0.29308
vt 0.66296 0.47348
vt 0.52797 0.51472
vt 0.65830 0.20320
vt 0.66296 0.47348
vt 0.39096 0.29308
vt 0.01523 0.04760
vt 0.32770 -0.00103
vt 0.34392 0.12174
vt 0.34392 0.12174
vt 0.32770 -0.00103
vt 0.65194 0.00563
vt 0.65830 0.20320
vt 0.39096 0.29308
vt 0.34392 0.12174
vt 0.65830 0.20320
vt 0.34392 0.12174
vt 0.65194 0.00563
vt 0.39096 0.29308
vt 0.52797 0.51472
vt 0.26519 0.48063
vt 0.39096 0.29308
vt 0.26519 0.48063
vt 0.02318 0.27281
vt 0.39096 0.29308
vt 0.02318 0.27281
vt 0.34392 0.12174
vt 0.34392 0.12174
vt 0.02318 0.27281
vt 0.01523 0.04760
vt 0.39096 0.29308
vt 0.66296 0.47348
vt 0.52797 0.51472
vt 0.65830 0.20320
vt 0.66296 0.47348
vt 0.39096 0.29308
vt 0.01523 0.04760
vt 0.32770 -0.00103
vt 0.34392 0.12174
vt 0.34392 0.12174
vt 0.32770 -0.00103
vt 0.65194 0.00563
vt 0.65830 0.20320
vt 0.39096 0.29308
vt 0.34392 0.12174
vt 0.65830 0.20320
vt 0.34392 0.12174
vt 0.65194 0.00563
vt 0.39096 0.29308
vt 0.52797 0.51472
vt 0.26519 0.48063
vt 0.39096 0.29308
vt 0.26519 0.48063
vt 0.02318 0.27281
vt 0.39096 0.29308
vt 0.02318 0.27281
vt 0.34392 0.12174
vt 0.34392 0.12174
vt 0.02318 0.27281
vt 0.01523 0.04760
vt 0.39096 0.29308
vt 0.66296 0.47348
vt 0.52797 0.51472
vt 0.65830 0.20320
vt 0.66296 0.47348
vt 0.39096 0.29308
vt 0.01523 0.04760
vt 0.32770 -0.00103
vt 0.34392 0.12174
vt 0.34392 0.12174
vt 0.32770 -0.00103
vt 0.65194 0.00563
vt 0.65830 0.20320
vt 0.39096 0.29308
vt 0.34392 0.12174
vt 0.65830 0.20320
vt 0.34392 0.12174
vt 0.65194 0.00563
vt 0.39096 0.29308
vt 0.52797 0.51472
vt 0.26519 0.48063
vt 0.39096 0.29308
vt 0.26519 0.48063
vt 0.02318 0.27281
vt 0.39096 0.29308
vt 0.02318 0.27281
vt 0.34392 0.12174
vt 0.34392 0.12174
vt 0.02318 0.27281
vt 0.01523 0.04760
vt 0.32281 0.81215
vt 0.65991 0.89642
vt 0.45880 1.00023
vt 0.65830 0.70320
vt 0.65991 0.89642
vt 0.32281 0.81215
vt 0.00709 0.59032
vt 0.33564 0.49821
vt 0.32866 0.61564
vt 0.32866 0.61564
vt 0.33564 0.49821
vt 0.46171 0.52776
vt 0.65830 0.70320
vt 0.32281 0.81215
vt 0.32866 0.61564
vt 0.65830 0.70320
vt 0.32866 0.61564
vt 0.46171 0.52776
vt 0.32281 0.81215
vt 0.45880 1.00023
vt 0.25502 0.97109
vt 0.32281 0.81215
vt 0.25502 0.97109
vt 0.00283 0.84606
vt 0.32281 0.81215
vt 0.00283 0.84606
vt 0.32866 0.61564
vt 0.32866 0.61564
vt 0.00283 0.84606
vt 0.00709 0.59032
vt 0.39096 0.29308
vt 0.66296 0.47348
vt 0.52797 0.51472
vt 0.65830 0.20320
vt 0.66296 0.47348
vt 0.39096 0.29308
vt 0.01523 0.04760
vt 0.32770 -0.00103
vt 0.34392 0.12174
vt 0.34392 0.12174
vt 0.32770 -0.00103
vt 0.65194 0.00563
vt 0.65830 0.20320
vt 0.39096 0.29308
vt 0.34392 0.12174
vt 0.65830 0.20320
vt 0.34392 0.12174
vt 0.65194 0.00563
vt 0.39096 0.29308
vt 0.52797 0.51472
vt 0.26519 0.48063
vt 0.39096 0.29308
vt 0.26519 0.48063
vt 0.02318 0.27281
vt 0.39096 0.29308
vt 0.02318 0.27281
vt 0.34392 0.12174
vt 0.34392 0.12174
vt 0.02318 0.27281
vt 0.01523 0.04760
vt 0.39096 0.29308
vt 0.66296 0.47348
vt 0.52797 0.51472
vt 0.65830 0.20320
vt 0.66296 0.47348
vt 0.39096 0.29308
vt 0.01523 0.04760
vt 0.32770 -0.00103
vt 0.34392 0.12174
vt 0.34392 0.12174
vt 0.32770 -0.00103
vt 0.65194 0.00563
vt 0.65830 0.20320
vt 0.39096 0.29308
vt 0.34392 0.12174
vt 0.65830 0.20320
vt 0.34392 0.12174
vt 0.65194 0.00563
vt 0.39096 0.29308
vt 0.52797 0.51472
vt 0.26519 0.48063
vt 0.39096 0.29308
vt 0.26519 0.48063
vt 0.02318 0.27281
vt 0.39096 0.29308
vt 0.02318 0.27281
vt 0.34392 0.12174
vt 0.34392 0.12174
vt 0.02318 0.27281
vt 0.01523 0.04760
vt 0.39096 0.29308
vt 0.66296 0.47348
vt 0.52797 0.51472
vt 0.65830 0.20320
vt 0.66296 0.47348
vt 0.39096 0.29308
vt 0.01523 0.04760
vt 0.32770 -0.00103
vt 0.34392 0.12174
vt 0.34392 0.12174
vt 0.32770 -0.00103
vt 0.65194 0.00563
vt 0.65830 0.20320
vt 0.39096 0.29308
vt 0.34392 0.12174
vt 0.65830 0.20320
vt 0.34392 0.12174
vt 0.65194 0.00563
vt 0.39096 0.29308
vt 0.52797 0.51472
vt 0.26519 0.48063
vt 0.39096 0.29308
vt 0.26519 0.48063
vt 0.02318 0.27281
vt 0.39096 0.29308
vt 0.02318 0.27281
vt 0.34392 0.12174
vt 0.34392 0.12174
vt 0.02318 0.27281
vt 0.01523 0.04760
vt 0.39096 0.29308
vt 0.66296 0.47348
vt 0.52797 0.51472
vt 0.65830 0.20320
vt 0.66296 0.47348
vt 0.39096 0.29308
vt 0.01523 0.04760
vt 0.32770 -0.00103
vt 0.34392 0.12174
vt 0.34392 0.12174
vt 0.32770 -0.00103
vt 0.65194 0.00563
vt 0.65830 0.20320
vt 0.39096 0.29308
vt 0.34392 0.12174
vt 0.65830 0.20320
vt 0.34392 0.12174
vt 0.65194 0.00563
vt 0.39096 0.29308
vt 0.52797 0.51472
vt 0.26519 0.48063
vt 0.39096 0.29308
vt 0.26519 0.48063
vt 0.02318 0.27281
vt 0.39096 0.29308
vt 0.02318 0.27281
vt 0.34392 0.12174
vt 0.34392 0.12174
vt 0.02318 0.27281
vt 0.01523 0.04760
vt 0.39096 0.29308
vt 0.66296 0.47348
vt 0.52797 0.51472
vt 0.65830 0.20320
vt 0.66296 0.47348
vt 0.39096 0.29308
vt 0.01523 0.04760
vt 0.32770 -0.00103
vt 0.34392 0.12174
vt 0.34392 0.12174
vt 0.32770 -0.00103
vt 0.65194 0.00563
vt 0.65830 0.20320
vt 0.39096 0.29308
vt 0.34392 0.12174
vt 0.65830 0.20320
vt 0.34392 0.12174
vt 0.65194 0.00563
vt 0.39096 0.29308
vt 0.52797 0.51472
vt 0.26519 0.48063
vt 0.39096 0.29308
vt 0.26519 0.48063
vt 0.02318 0.27281
vt 0.39096 0.29308
vt 0.02318 0.27281
vt 0.34392 0.12174
vt 0.34392 0.12174
vt 0.02318 0.27281
vt 0.01523 0.04760
vt 0.32281 0.81215
vt 0.65991 0.89642
vt 0.45880 1.00023
vt 0.65830 0.70320
vt 0.65991 0.89642
vt 0.32281 0.81215
vt 0.00709 0.59032
vt 0.33564 0.49821
vt 0.32866 0.61564
vt 0.32866 0.61564
vt 0.33564 0.49821
vt 0.46171 0.52776
vt 0.65830 0.70320
vt 0.32281 0.81215
vt 0.32866 0.61564
vt 0.65830 0.70320
vt 0.32866 0.61564
vt 0.46171 0.52776
vt 0.32281 0.81215
vt 0.45880 1.00023
vt 0.25502 0.97109
vt 0.32281 0.81215
vt 0.25502 0.97109
vt 0.00283 0.84606
vt 0.32281 0.81215
vt 0.00283 0.84606
vt 0.32866 0.61564
vt 0.32866 0.61564
vt 0.00283 0.84606
vt 0.00709 0.59032
vt 0.39096 0.29308
vt 0.66296 0.47348
vt 0.52797 0.51472
vt 0.65830 0.20320
vt 0.66296 0.47348
vt 0.39096 0.29308
vt 0.01523 0.04760
vt 0.32770 -0.00103
vt 0.34392 0.12174
vt 0.34392 0.12174
vt 0.32770 -0.00103
vt 0.65194 0.00563
vt 0.65830 0.20320
vt 0.39096 0.29308
vt 0.34392 0.12174
vt 0.65830 0.20320
vt 0.34392 0.12174
vt 0.65194 0.00563
vt 0.39096 0.29308
vt 0.52797 0.51472
vt 0.26519 0.48063
vt 0.39096 0.29308
vt 0.26519 0.48063
vt 0.02318 0.27281
vt 0.39096 0.29308
vt 0.02318 0.27281
vt 0.34392 0.12174
vt 0.34392 0.12174
vt 0.02318 0.27281
vt 0.01523 0.04760
vt 0.39096 0.29308
vt 0.66296 0.47348
vt 0.52797 0.51472
vt 0.65830 0.20320
vt 0.66296 0.47348
vt 0.39096 0.29308
vt 0.01523 0.04760
vt 0.32770 -0.00103
vt 0.34392 0.12174
vt 0.34392 0.12174
vt 0.32770 -0.00103
vt 0.65194 0.00563
vt 0.65830 0.20320
vt 0.39096 0.29308
vt 0.34392 0.12174
vt 0.65830 0.20320
vt 0.34392 0.12174
vt 0.65194 0.00563
vt 0.39096 0.29308
vt 0.52797 0.51472
vt 0.26519 0.48063
vt 0.39096 0.29308
vt 0.26519 0.48063
vt 0.02318 0.27281
vt 0.39096 0.29308
vt 0.02318 0.27281
vt 0.34392 0.12174
vt 0.34392 0.12174
vt 0.02318 0.27281
vt 0.01523 0.04760
vt 0.39096 0.29308
vt 0.66296 0.47348
vt 0.52797 0.51472
vt 0.65830 0.20320
vt 0.66296 0.47348
vt 0.39096 0.29308
vt 0.01523 0.04760
vt 0.32770 -0.00103
vt 0.34392 0.12174
vt 0.34392 0.12174
vt 0.32770 -0.00103
vt 0.65194 0.00563
vt 0.65830 0.20320
vt 0.39096 0.29308
vt 0.34392 0.12174
vt 0.65830 0.20320
vt 0.34392 0.12174
vt 0.65194 0.00563
vt 0.39096 0.29308
vt 0.52797 0.51472
vt 0.26519 0.48063
vt 0.39096 0.29308
vt 0.26519 0.48063
vt 0.02318 0.27281
vt 0.39096 0.29308
vt 0.02318 0.27281
vt 0.34392 0.12174
vt 0.34392 0.12174
vt 0.02318 0.27281
vt 0.01523 0.04760
vt 0.39096 0.29308
vt 0.66296 0.47348
vt 0.52797 0.51472
vt 0.65830 0.20320
vt 0.66296 0.47348
vt 0.39096 0.29308
vt 0.01523 0.04760
vt 0.32770 -0.00103
vt 0.34392 0.12174
vt 0.34392 0.12174
vt 0.32770 -0.00103
vt 0.65194 0.00563
vt 0.65830 0.20320
vt 0.39096 0.29308
vt 0.34392 0.12174
vt 0.65830 0.20320
vt 0.34392 0.12174
vt 0.65194 0.00563
vt 0.39096 0.29308
vt 0.52797 0.51472
vt 0.26519 0.48063
vt 0.39096 0.29308
vt 0.26519 0.48063
vt 0.02318 0.27281
vt 0.39096 0.29308
vt 0.02318 0.27281
vt 0.34392 0.12174
vt 0.34392 0.12174
vt 0.02318 0.27281
vt 0.01523 0.04760
vt 0.39096 0.29308
vt 0.66296 0.47348
vt 0.52797 0.51472
vt 0.65830 0.20320
vt 0.66296 0.47348
vt 0.39096 0.29308
vt 0.01523 0.04760
vt 0.32770 -0.00103
vt 0.34392 0.12174
vt 0.34392 0.12174
vt 0.32770 -0.00103
vt 0.65194 0.00563
vt 0.65830 0.20320
vt 0.39096 0.29308
vt 0.34392 0.12174
vt 0.65830 0.20320
vt 0.34392 0.12174
vt 0.65194 0.00563
vt 0.39096 0.29308
vt 0.52797 0.51472
vt 0.26519 0.48063
vt 0.39096 0.29308
vt 0.26519 0.48063
vt 0.02318 0.27281
vt 0.39096 0.29308
vt 0.02318 0.27281
vt 0.34392 0.12174
vt 0.34392 0.12174
vt 0.02318 0.27281
vt 0.01523 0.04760
vt 0.39096 0.29308
vt 0.66296 0.47348
vt 0.52797 0.51472
vt 0.65830 0.20320
vt 0.66296 0.47348
vt 0.39096 0.29308
vt 0.01523 0.04760
vt 0.32770 -0.00103
vt 0.34392 0.12174
vt 0.34392 0.12174
vt 0.32770 -0.00103
vt 0.65194 0.00563
vt 0.65830 0.20320
vt 0.39096 0.29308
vt 0.34392 0.12174
vt 0.65830 0.20320
vt 0.34392 0.12174
vt 0.65194 0.00563
vt 0.39096 0.29308
vt 0.52797 0.51472
vt 0.26519 0.48063
vt 0.39096 0.29308
vt 0.26519 0.48063
vt 0.02318 0.27281
vt 0.39096 0.29308
vt 0.02318 0.27281
vt 0.34392 0.12174
vt 0.34392 0.12174
vt 0.02318 0.27281
vt 0.01523 0.04760
vt 0.39096 0.29308
vt 0.66296 0.47348
vt 0.52797 0.51472
vt 0.65830 0.20320
vt 0.66296 0.47348
vt 0.39096 0.29308
vt 0.01523 0.04760
vt 0.32770 -0.00103
vt 0.34392 0.12174
vt 0.34392 0.12174
vt 0.32770 -0.00103
vt 0.65194 0.00563
vt 0.65830 0.20320
vt 0.39096 0.29308
vt 0.34392 0.12174
vt 0.65830 0.20320
vt 0.34392 0.12174
vt 0.65194 0.00563
vt 0.39096 0.29308
vt 0.52797 0.51472
vt 0.26519 0.48063
vt 0.39096 0.29308
vt 0.26519 0.48063
vt 0.02318 0.27281
vt 0.39096 0.29308
vt 0.02318 0.27281
vt 0.34392 0.12174
vt 0.34392 0.12174
vt 0.02318 0.27281
vt 0.01523 0.04760
vt 0.39096 0.29308
vt 0.66296 0.47348
vt 0.52797 0.51472
vt 0.65830 0.20320
vt 0.66296 0.47348
vt 0.39096 0.29308
vt 0.01523 0.04760
vt 0.32770 -0.00103
vt 0.34392 0.12174
vt 0.34392 0.12174
vt 0.32770 -0.00103
vt 0.65194 0.00563
vt 0.65830 0.20320
vt 0.39096 0.29308
vt 0.34392 0.12174
vt 0.65830 0.20320
vt 0.34392 0.12174
vt 0.65194 0.00563
vt 0.39096 0.29308
vt 0.52797 0.51472
vt 0.26519 0.48063
vt 0.39096 0.29308
vt 0.26519 0.48063
vt 0.02318 0.27281
vt 0.39096 0.29308
vt 0.02318 0.27281
vt 0.34392 0.12174
vt 0.34392 0.12174
vt 0.02318 0.27281
vt 0.01523 0.04760
vt 0.39096 0.29308
vt 0.66296 0.47348
vt 0.52797 0.51472
vt 0.65830 0.20320
vt 0.66296 0.47348
vt 0.39096 0.29308
vt 0.01523 0.04760
vt 0.32770 -0.00103
vt 0.34392 0.12174
vt 0.34392 0.12174
vt 0.32770 -0.00103
vt 0.65194 0.00563
vt 0.65830 0.20320
vt 0.39096 0.29308
vt 0.34392 0.12174
vt 0.65830 0.20320
vt 0.34392 0.12174
vt 0.65194 0.00563
vt 0.39096 0.29308
vt 0.52797 0.51472
vt 0.26519 0.48063
vt 0.39096 0.29308
vt 0.26519 0.48063
vt 0.02318 0.27281
vt 0.39096 0.29308
vt 0.02318 0.27281
vt 0.34392 0.12174
vt 0.34392 0.12174
vt 0.02318 0.27281
vt 0.01523 0.04760
vt 0.32281 0.81215
vt 0.65991 0.89642
vt 0.45880 1.00023
vt 0.65830 0.70320
vt 0.65991 0.89642
vt 0.32281 0.81215
vt 0.00709 0.59032
vt 0.33564 0.49821
vt 0.32866 0.61564
vt 0.32866 0.61564
vt 0.33564 0.49821
vt 0.46171 0.52776
vt 0.65830 0.70320
vt 0.32281 0.81215
vt 0.32866 0.61564
vt 0.65830 0.70320
vt 0.32866 0.61564
vt 0.46171 0.52776
vt 0.32281 0.81215
vt 0.45880 1.00023
vt 0.25502 0.97109
vt 0.32281 0.81215
vt 0.25502 0.97109
vt 0.00283 0.84606
vt 0.32281 0.81215
vt 0.00283 0.84606
vt 0.32866 0.61564
vt 0.32866 0.61564
vt 0.00283 0.84606
vt 0.00709 0.59032
vt 0.39096 0.29308
vt 0.66296 0.47348
vt 0.52797 0.51472
vt 0.65830 0.20320
vt 0.66296 0.47348
vt 0.39096 0.29308
vt 0.01523 0.04760
vt 0.32770 -0.00103
vt 0.34392 0.12174
vt 0.34392 0.12174
vt 0.32770 -0.00103
vt 0.65194 0.00563
vt 0.65830 0.20320
vt 0.39096 0.29308
vt 0.34392 0.12174
vt 0.65830 0.20320
vt 0.34392 0.12174
vt 0.65194 0.00563
vt 0.39096 0.29308
vt 0.52797 0.51472
vt 0.26519 0.48063
vt 0.39096 0.29308
vt 0.26519 0.48063
vt 0.02318 0.27281
vt 0.39096 0.29308
vt 0.02318 0.27281
vt 0.34392 0.12174
vt 0.34392 0.12174
vt 0.02318 0.27281
vt 0.01523 0.04760
vt 0.39096 0.29308
vt 0.66296 0.47348
vt 0.52797 0.51472
vt 0.65830 0.20320
vt 0.66296 0.47348
vt 0.39096 0.29308
vt 0.01523 0.04760
vt 0.32770 -0.00103
vt 0.34392 0.12174
vt 0.34392 0.12174
vt 0.32770 -0.00103
vt 0.65194 0.00563
vt 0.65830 0.20320
vt 0.39096 0.29308
vt 0.34392 0.12174
vt 0.65830 0.20320
vt 0.34392 0.12174
vt 0.65194 0.00563
vt 0.39096 0.29308
vt 0.52797 0.51472
vt 0.26519 0.48063
vt 0.39096 0.29308
vt 0.26519 0.48063
vt 0.02318 0.27281
vt 0.39096 0.29308
vt 0.02318 0.27281
vt 0.34392 0.12174
vt 0.34392 0.12174
vt 0.02318 0.27281
vt 0.01523 0.04760
vt 0.39096 0.29308
vt 0.66296 0.47348
vt 0.52797 0.51472
vt 0.65830 0.20320
vt 0.66296 0.47348
vt 0.39096 0.29308
vt 0.01523 0.04760
vt 0.32770 -0.00103
vt 0.34392 0.12174
vt 0.34392 0.12174
vt 0.32770 -0.00103
vt 0.65194 0.00563
vt 0.65830 0.20320
vt 0.39096 0.29308
vt 0.34392 0.12174
vt 0.65830 0.20320
vt 0.34392 0.12174
vt 0.65194 0.00563
vt 0.39096 0.29308
vt 0.52797 0.51472
vt 0.26519 0.48063
vt 0.39096 0.29308
vt 0.26519 0.48063
vt 0.02318 0.27281
vt 0.39096 0.29308
vt 0.02318 0.27281
vt 0.34392 0.12174
vt 0.34392 0.12174
vt 0.02318 0.27281
vt 0.01523 0.04760
f 1444/4509 1445/4510 1453/4511 1452/4512
f 1447/4513 1448/4514 1456/4515 1455/4516
f 1443/4517 1444/4518 1452/4519 1451/4520
f 1446/4521 1447/4522 1455/4523 1454/4524
f 1442/4525 1443/4526 1451/4527 1450/4528
f 1445/4529 1446/4530 1454/4531 1453/4532
f 1448/4533 1441/4534 1449/4535 1456/4536
f 1441/4537 1442/4538 1450/4539 1449/4540
f 1451/4541 1452/4542 1460/4543 1459/4544
f 1454/4545 1455/4546 1463/4547 1462/4548
f 1450/4549 1451/4550 1459/4551 1458/4552
f 1453/4553 1454/4554 1462/4555 1461/4556
f 1456/4557 1449/4558 1457/4559 1464/4560
f 1449/4561 1450/4562 1458/4563 1457/4564
f 1452/4565 1453/4566 1461/4567 1460/4568
f 1455/4569 1456/4570 1464/4571 1463/4572
f 1460/4573 1461/4574 1469/4575 1468/4576
f 1463/4577 1464/4578 1472/4579 1471/4580
f 1459/4581 1460/4582 1468/4583 1467/4584
f 1462/4585 1463/4586 1471/4587 1470/4588
f 1458/4589 1459/4590 1467/4591 1466/4592
f 1461/4593 1462/4594 1470/4595 1469/4596
f 1464/4597 1457/4598 1465/4599 1472/4600
f 1457/4601 1458/4602 1466/4603 1465/4604
f 1469/4605 1470/4606 1478/4607 1477/4608
f 1472/4609 1465/4610 1473/4611 1480/4612
f 1465/4613 1466/4614 1474/4615 1473/4616
f 1468/4617 1469/4618 1477/4619 1476/4620
f 1471/4621 1472/4622 1480/4623 1479/4624
f 1467/4625 1468/4626 1476/4627 1475/4628
f 1470/4629 1471/4630 1479/4631 1478/4632
f 1466/4633 1467/4634 1475/4635 1474/4636
f 1478/4637 1479/4638 1487/4639 1486/4640
f 1474/4641 1475/4642 1483/4643 1482/4644
f 1477/4645 1478/4646 1486/4647 1485/4648
f 1480/4649 1473/4650 1481/4651 1488/4652
f 1473/4653 1474/4654 1482/4655 1481/4656
f 1476/4657 1477/4658 1485/4659 1484/4660
f 1479/4661 1480/4662 1488/4663 1487/4664
f 1475/4665 1476/4666 1484/4667 1483/4668
f 1487/4669 1488/4670 1496/4671 1495/4672
f 1483/4673 1484/4674 1492/4675 1491/4676
f 1486/4677 1487/4678 1495/4679 1494/4680
f 1482/4681 1483/4682 1491/4683 1490/4684
f 1485/4685 1486/4686 1494/4687 1493/4688
f 1488/4689 1481/4690 1489/4691 1496/4692
f 1481/4693 1482/4694 1490/4695 1489/4696
f 1484/4697 1485/4698 1493/4699 1492/4700
f 1496/4701 1489/4702 1497/4703 1504/4704
f 1489/4705 1490/4706 1498/4707 1497/4708
f 1492/4709 1493/4710 1501/4711 1500/4712
f 1495/4713 1496/4714 1504/4715 1503/4716
f 1491/4717 1492/4718 1500/4719 1499/4720
f 1494/4721 1495/4722 1503/4723 1502/4724
f 1490/4725 1491/4726 1499/4727 1498/4728
f 1493/4729 1494/4730 1502/4731 1501/4732
f 1498/4733 1499/4734 1507/4735 1506/4736
f 1501/4737 1502/4738 1510/4739 1509/4740
f 1504/4741 1497/4742 1505/4743 1512/4744
f 1497/4745 1498/4746 1506/4747 1505/4748
f 1500/4749 1501/4750 1509/4751 1508/4752
f 1503/4753 1504/4754 1512/4755 1511/4756
f 1499/4757 1500/4758 1508/4759 1507/4760
f 1502/4761 1503/4762 1511/4763 1510/4764
f 1507/4765 1508/4766 1516/4767 1515/4768
f 1510/4769 1511/4770 1519/4771 1518/4772
f 1506/4773 1507/4774 1515/4775 1514/4776
f 1509/4777 1510/4778 1518/4779 1517/4780
f 1512/4781 1505/4782 1513/4783 1520/4784
f 1505/4785 1506/4786 1514/4787 1513/4788
f 1508/4789 1509/4790 1517/4791 1516/4792
f 1511/4793 1512/4794 1520/4795 1519/4796
f 1516/4797 1517/4798 1525/4799 1524/4800
f 1519/4801 1520/4802 1528/4803 1527/4804
f 1515/4805 1516/4806 1524/4807 1523/4808
f 1518/4809 1519/4810 1527/4811 1526/4812
f 1514/4813 1515/4814 1523/4815 1522/4816
f 1517/4817 1518/4818 1526/4819 1525/4820
f 1520/4821 1513/4822 1521/4823 1528/4824
f 1513/4825 1514/4826 1522/4827 1521/4828
f 1522/4829 1523/4830 1524/4831 1525/4832 1526/4833 1527/4834 1528/4835 1521/4836
f 1530/4837 1531/4838 1537/4839 1536/4840
f 1533/4841 1534/4842 1540/4843 1539/4844
f 1529/4845 1530/4846 1536/4847 1535/4848
f 1532/4849 1533/4850 1539/4851 1538/4852
f 1531/4853 1532/4854 1538/4855 1537/4856
f 1534/4857 1529/4858 1535/4859 1540/4860
f 1540/4861 1535/4862 1541/4863 1546/4864
f 1536/4865 1537/4866 1543/4867 1542/4868
f 1539/4869 1540/4870 1546/4871 1545/4872
f 1535/4873 1536/4874 1542/4875 1541/4876
f 1538/4877 1539/4878 1545/4879 1544/4880
f 1537/4881 1538/4882 1544/4883 1543/4884
f 1541/4885 1542/4886 1548/4887 1547/4888
f 1544/4889 1545/4890 1551/4891 1550/4892
f 1543/4893 1544/4894 1550/4895 1549/4896
f 1546/4897 1541/4898 1547/4899 1552/4900
f 1542/4901 1543/4902 1549/4903 1548/4904
f 1545/4905 1546/4906 1552/4907 1551/4908
f 1552/4909 1547/4910 1553/4911 1558/4912
f 1548/4913 1549/4914 1555/4915 1554/4916
f 1551/4917 1552/4918 1558/4919 1557/4920
f 1547/4921 1548/4922 1554/4923 1553/4924
f 1550/4925 1551/4926 1557/4927 1556/4928
f 1549/4929 1550/4930 1556/4931 1555/4932
f 1554/4933 1555/4934 1556/4935 1557/4936 1558/4937 1553/4938
f 1564/4939 1559/4940 1565/4941 1570/4942
f 1560/4943 1561/4944 1567/4945 1566/4946
f 1563/4947 1564/4948 1570/4949 1569/4950
f 1559/4951 1560/4952 1566/4953 1565/4954
f 1562/4955 1563/4956 1569/4957 1568/4958
f 1561/4959 1562/4960 1568/4961 1567/4962
f 1565/4963 1566/4964 1572/4965 1571/4966
f 1568/4967 1569/4968 1575/4969 1574/4970
f 1567/4971 1568/4972 1574/4973 1573/4974
f 1570/4975 1565/4976 1571/4977 1576/4978
f 1566/4979 1567/4980 1573/4981 1572/4982
f 1569/4983 1570/4984 1576/4985 1575/4986
f 1576/4987 1571/4988 1577/4989 1582/4990
f 1572/4991 1573/4992 1579/4993 1578/4994
f 1575/4995 1576/4996 1582/4997 1581/4998
f 1571/4999 1572/5000 1578/5001 1577/5002
f 1574/5003 1575/5004 1581/5005 1580/5006
f 1573/5007 1574/5008 1580/5009 1579/5010
f 1578/5011 1579/5012 1580/5013 1581/5014 1582/5015 1577/5016
f 1588/5017 1583/5018 1589/5019 1594/5020
f 1584/5021 1585/5022 1591/5023 1590/5024
f 1587/5025 1588/5026 1594/5027 1593/5028
f 1583/5029 1584/5030 1590/5031 1589/5032
f 1586/5033 1587/5034 1593/5035 1592/5036
f 1585/5037 1586/5038 1592/5039 1591/5040
f 1589/5041 1590/5042 1596/5043 1595/5044
f 1592/5045 1593/5046 1599/5047 1598/5048
f 1591/5049 1592/5050 1598/5051 1597/5052
f 1594/5053 1589/5054 1595/5055 1600/5056
f 1590/5057 1591/5058 1597/5059 1596/5060
f 1593/5061 1594/5062 1600/5063 1599/5064
f 1600/5065 1595/5066 1601/5067 1606/5068
f 1596/5069 1597/5070 1603/5071 1602/5072
f 1599/5073 1600/5074 1606/5075 1605/5076
f 1595/5077 1596/5078 1602/5079 1601/5080
f 1598/5081 1599/5082 1605/5083 1604/5084
f 1597/5085 1598/5086 1604/5087 1603/5088
f 1602/5089 1603/5090 1604/5091 1605/5092 1606/5093 1601/5094
f 1612/5095 1607/5096 1613/5097 1618/5098
f 1608/5099 1609/5100 1615/5101 1614/5102
f 1611/5103 1612/5104 1618/5105 1617/5106
f 1607/5107 1608/5108 1614/5109 1613/5110
f 1610/5111 1611/5112 1617/5113 1616/5114
f 1609/5115 1610/5116 1616/5117 1615/5118
f 1613/5119 1614/5120 1620/5121 1619/5122
f 1616/5123 1617/5124 1623/5125 1622/5126
f 1615/5127 1616/5128 1622/5129 1621/5130
f 1618/5131 1613/5132 1619/5133 1624/5134
f 1614/5135 1615/5136 1621/5137 1620/5138
f 1617/5139 1618/5140 1624/5141 1623/5142
f 1624/5143 1619/5144 1625/5145 1630/5146
f 1620/5147 1621/5148 1627/5149 1626/5150
f 1623/5151 1624/5152 1630/5153 1629/5154
f 1619/5155 1620/5156 1626/5157 1625/5158
f 1622/5159 1623/5160 1629/5161 1628/5162
f 1621/5163 1622/5164 1628/5165 1627/5166
f 1626/5167 1627/5168 1628/5169 1629/5170 1630/5171 1625/5172
f 1633/5173 1638/5174 1639/5175
f 1631/5176 1638/5177 1633/5178
f 1636/5179 1637/5180 1634/5181
f 1634/5182 1637/5183 1632/5184
f 1631/5185 1633/5186 1634/5187
f 1631/5188 1634/5189 1632/5190
f 1633/5191 1639/5192 1640/5193
f 1633/5194 1640/5195 1635/5196
f 1633/5197 1635/5198 1634/5199
f 1634/5200 1635/5201 1636/5202
f 1643/5203 1648/5204 1649/5205
f 1641/5206 1648/5207 1643/5208
f 1646/5209 1647/5210 1644/5211
f 1644/5212 1647/5213 1642/5214
f 1641/5215 1643/5216 1644/5217
f 1641/5218 1644/5219 1642/5220
f 1643/5221 1649/5222 1650/5223
f 1643/5224 1650/5225 1645/5226
f 1643/5227 1645/5228 1644/5229
f 1644/5230 1645/5231 1646/5232
f 1653/5233 1658/5234 1659/5235
f 1651/5236 1658/5237 1653/5238
f 1656/5239 1657/5240 1654/5241
f 1654/5242 1657/5243 1652/5244
f 1651/5245 1653/5246 1654/5247
f 1651/5248 1654/5249 1652/5250
f 1653/5251 1659/5252 1660/5253
f 1653/5254 1660/5255 1655/5256
f 1653/5257 1655/5258 1654/5259
f 1654/5260 1655/5261 1656/5262
f 1663/5263 1668/5264 1669/5265
f 1661/5266 1668/5267 1663/5268
f 1666/5269 1667/5270 1664/5271
f 1664/5272 1667/5273 1662/5274
f 1661/5275 1663/5276 1664/5277
f 1661/5278 1664/5279 1662/5280
f 1663/5281 1669/5282 1670/5283
f 1663/5284 1670/5285 1665/5286
f 1663/5287 1665/5288 1664/5289
f 1664/5290 1665/5291 1666/5292
f 1673/5293 1678/5294 1679/5295
f 1671/5296 1678/5297 1673/5298
f 1676/5299 1677/5300 1674/5301
f 1674/5302 1677/5303 1672/5304
f 1671/5305 1673/5306 1674/5307
f 1671/5308 1674/5309 1672/5310
f 1673/5311 1679/5312 1680/5313
f 1673/5314 1680/5315 1675/5316
f 1673/5317 1675/5318 1674/5319
f 1674/5320 1675/5321 1676/5322
f 1683/5323 1688/5324 1689/5325
f 1681/5326 1688/5327 1683/5328
f 1686/5329 1687/5330 1684/5331
f 1684/5332 1687/5333 1682/5334
f 1681/5335 1683/5336 1684/5337
f 1681/5338 1684/5339 1682/5340
f 1683/5341 1689/5342 1690/5343
f 1683/5344 1690/5345 1685/5346
f 1683/5347 1685/5348 1684/5349
f 1684/5350 1685/5351 1686/5352
f 1693/5353 1698/5354 1699/5355
f 1691/5356 1698/5357 1693/5358
f 1696/5359 1697/5360 1694/5361
f 1694/5362 1697/5363 1692/5364
f 1691/5365 1693/5366 1694/5367
f 1691/5368 1694/5369 1692/5370
f 1693/5371 1699/5372 1700/5373
f 1693/5374 1700/5375 1695/5376
f 1693/5377 1695/5378 1694/5379
f 1694/5380 1695/5381 1696/5382
f 1703/5383 1708/5384 1709/5385
f 1701/5386 1708/5387 1703/5388
f 1706/5389 1707/5390 1704/5391
f 1704/5392 1707/5393 1702/5394
f 1701/5395 1703/5396 1704/5397
f 1701/5398 1704/5399 1702/5400
f 1703/5401 1709/5402 1710/5403
f 1703/5404 1710/5405 1705/5406
f 1703/5407 1705/5408 1704/5409
f 1704/5410 1705/5411 1706/5412
f 1713/5413 1718/5414 1719/5415
f 1711/5416 1718/5417 1713/5418
f 1716/5419 1717/5420 1714/5421
f 1714/5422 1717/5423 1712/5424
f 1711/5425 1713/5426 1714/5427
f 1711/5428 1714/5429 1712/5430
f 1713/5431 1719/5432 1720/5433
f 1713/5434 1720/5435 1715/5436
f 1713/5437 1715/5438 1714/5439
f 1714/5440 1715/5441 1716/5442
f 1723/5443 1728/5444 1729/5445
f 1721/5446 1728/5447 1723/5448
f 1726/5449 1727/5450 1724/5451
f 1724/5452 1727/5453 1722/5454
f 1721/5455 1723/5456 1724/5457
f 1721/5458 1724/5459 1722/5460
f 1723/5461 1729/5462 1730/5463
f 1723/5464 1730/5465 1725/5466
f 1723/5467 1725/5468 1724/5469
f 1724/5470 1725/5471 1726/5472
f 1733/5473 1738/5474 1739/5475
f 1731/5476 1738/5477 1733/5478
f 1736/5479 1737/5480 1734/5481
f 1734/5482 1737/5483 1732/5484
f 1731/5485 1733/5486 1734/5487
f 1731/5488 1734/5489 1732/5490
f 1733/5491 1739/5492 1740/5493
f 1733/5494 1740/5495 1735/5496
f 1733/5497 1735/5498 1734/5499
f 1734/5500 1735/5501 1736/5502
f 1743/5503 1748/5504 1749/5505
f 1741/5506 1748/5507 1743/5508
f 1746/5509 1747/5510 1744/5511
f 1744/5512 1747/5513 1742/5514
f 1741/5515 1743/5516 1744/5517
f 1741/5518 1744/5519 1742/5520
f 1743/5521 1749/5522 1750/5523
f 1743/5524 1750/5525 1745/5526
f 1743/5527 1745/5528 1744/5529
f 1744/5530 1745/5531 1746/5532
f 1753/5533 1758/5534 1759/5535
f 1751/5536 1758/5537 1753/5538
f 1756/5539 1757/5540 1754/5541
f 1754/5542 1757/5543 1752/5544
f 1751/5545 1753/5546 1754/5547
f 1751/5548 1754/5549 1752/5550
f 1753/5551 1759/5552 1760/5553
f 1753/5554 1760/5555 1755/5556
f 1753/5557 1755/5558 1754/5559
f 1754/5560 1755/5561 1756/5562
f 1763/5563 1768/5564 1769/5565
f 1761/5566 1768/5567 1763/5568
f 1766/5569 1767/5570 1764/5571
f 1764/5572 1767/5573 1762/5574
f 1761/5575 1763/5576 1764/5577
f 1761/5578 1764/5579 1762/5580
f 1763/5581 1769/5582 1770/5583
f 1763/5584 1770/5585 1765/5586
f 1763/5587 1765/5588 1764/5589
f 1764/5590 1765/5591 1766/5592
f 1773/5593 1778/5594 1779/5595
f 1771/5596 1778/5597 1773/5598
f 1776/5599 1777/5600 1774/5601
f 1774/5602 1777/5603 1772/5604
f 1771/5605 1773/5606 1774/5607
f 1771/5608 1774/5609 1772/5610
f 1773/5611 1779/5612 1780/5613
f 1773/5614 1780/5615 1775/5616
f 1773/5617 1775/5618 1774/5619
f 1774/5620 1775/5621 1776/5622
f 1783/5623 1788/5624 1789/5625
f 1781/5626 1788/5627 1783/5628
f 1786/5629 1787/5630 1784/5631
f 1784/5632 1787/5633 1782/5634
f 1781/5635 1783/5636 1784/5637
f 1781/5638 1784/5639 1782/5640
f 1783/5641 1789/5642 1790/5643
f 1783/5644 1790/5645 1785/5646
f 1783/5647 1785/5648 1784/5649
f 1784/5650 1785/5651 1786/5652
f 1793/5653 1798/5654 1799/5655
f 1791/5656 1798/5657 1793/5658
f 1796/5659 1797/5660 1794/5661
f 1794/5662 1797/5663 1792/5664
f 1791/5665 1793/5666 1794/5667
f 1791/5668 1794/5669 1792/5670
f 1793/5671 1799/5672 1800/5673
f 1793/5674 1800/5675 1795/5676
f 1793/5677 1795/5678 1794/5679
f 1794/5680 1795/5681 1796/5682
f 1803/5683 1808/5684 1809/5685
f 1801/5686 1808/5687 1803/5688
f 1806/5689 1807/5690 1804/5691
f 1804/5692 1807/5693 1802/5694
f 1801/5695 1803/5696 1804/5697
f 1801/5698 1804/5699 1802/5700
f 1803/5701 1809/5702 1810/5703
f 1803/5704 1810/5705 1805/5706
f 1803/5707 1805/5708 1804/5709
f 1804/5710 1805/5711 1806/5712
f 1813/5713 1818/5714 1819/5715
f 1811/5716 1818/5717 1813/5718
f 1816/5719 1817/5720 1814/5721
f 1814/5722 1817/5723 1812/5724
f 1811/5725 1813/5726 1814/5727
f 1811/5728 1814/5729 1812/5730
f 1813/5731 1819/5732 1820/5733
f 1813/5734 1820/5735 1815/5736
f 1813/5737 1815/5738 1814/5739
f 1814/5740 1815/5741 1816/5742
f 1823/5743 1828/5744 1829/5745
f 1821/5746 1828/5747 1823/5748
f 1826/5749 1827/5750 1824/5751
f 1824/5752 1827/5753 1822/5754
f 1821/5755 1823/5756 1824/5757
f 1821/5758 1824/5759 1822/5760
f 1823/5761 1829/5762 1830/5763
f 1823/5764 1830/5765 1825/5766
f 1823/5767 1825/5768 1824/5769
f 1824/5770 1825/5771 1826/5772
f 1833/5773 1838/5774 1839/5775
f 1831/5776 1838/5777 1833/5778
f 1836/5779 1837/5780 1834/5781
f 1834/5782 1837/5783 1832/5784
f 1831/5785 1833/5786 1834/5787
f 1831/5788 1834/5789 1832/5790
f 1833/5791 1839/5792 1840/5793
f 1833/5794 1840/5795 1835/5796
f 1833/5797 1835/5798 1834/5799
f 1834/5800 1835/5801 1836/5802
f 1843/5803 1848/5804 1849/5805
f 1841/5806 1848/5807 1843/5808
f 1846/5809 1847/5810 1844/5811
f 1844/5812 1847/5813 1842/5814
f 1841/5815 1843/5816 1844/5817
f 1841/5818 1844/5819 1842/5820
f 1843/5821 1849/5822 1850/5823
f 1843/5824 1850/5825 1845/5826
f 1843/5827 1845/5828 1844/5829
f 1844/5830 1845/5831 1846/5832
f 1853/5833 1858/5834 1859/5835
f 1851/5836 1858/5837 1853/5838
f 1856/5839 1857/5840 1854/5841
f 1854/5842 1857/5843 1852/5844
f 1851/5845 1853/5846 1854/5847
f 1851/5848 1854/5849 1852/5850
f 1853/5851 1859/5852 1860/5853
f 1853/5854 1860/5855 1855/5856
f 1853/5857 1855/5858 1854/5859
f 1854/5860 1855/5861 1856/5862
f 1863/5863 1868/5864 1869/5865
f 1861/5866 1868/5867 1863/5868
f 1866/5869 1867/5870 1864/5871
f 1864/5872 1867/5873 1862/5874
f 1861/5875 1863/5876 1864/5877
f 1861/5878 1864/5879 1862/5880
f 1863/5881 1869/5882 1870/5883
f 1863/5884 1870/5885 1865/5886
f 1863/5887 1865/5888 1864/5889
f 1864/5890 1865/5891 1866/5892
f 1873/5893 1878/5894 1879/5895
f 1871/5896 1878/5897 1873/5898
f 1876/5899 1877/5900 1874/5901
f 1874/5902 1877/5903 1872/5904
f 1871/5905 1873/5906 1874/5907
f 1871/5908 1874/5909 1872/5910
f 1873/5911 1879/5912 1880/5913
f 1873/5914 1880/5915 1875/5916
f 1873/5917 1875/5918 1874/5919
f 1874/5920 1875/5921 1876/5922
f 1883/5923 1888/5924 1889/5925
f 1881/5926 1888/5927 1883/5928
f 1886/5929 1887/5930 1884/5931
f 1884/5932 1887/5933 1882/5934
f 1881/5935 1883/5936 1884/5937
f 1881/5938 1884/5939 1882/5940
f 1883/5941 1889/5942 1890/5943
f 1883/5944 1890/5945 1885/5946
f 1883/5947 1885/5948 1884/5949
f 1884/5950 1885/5951 1886/5952
f 1893/5953 1898/5954 1899/5955
f 1891/5956 1898/5957 1893/5958
f 1896/5959 1897/5960 1894/5961
f 1894/5962 1897/5963 1892/5964
f 1891/5965 1893/5966 1894/5967
f 1891/5968 1894/5969 1892/5970
f 1893/5971 1899/5972 1900/5973
f 1893/5974 1900/5975 1895/5976
f 1893/5977 1895/5978 1894/5979
f 1894/5980 1895/5981 1896/5982
f 1903/5983 1908/5984 1909/5985
f 1901/5986 1908/5987 1903/5988
f 1906/5989 1907/5990 1904/5991
f 1904/5992 1907/5993 1902/5994
f 1901/5995 1903/5996 1904/5997
f 1901/5998 1904/5999 1902/6000
f 1903/6001 1909/6002 1910/6003
f 1903/6004 1910/6005 1905/6006
f 1903/6007 1905/6008 1904/6009
f 1904/6010 1905/6011 1906/6012
f 1913/6013 1918/6014 1919/6015
f 1911/6016 1918/6017 1913/6018
f 1916/6019 1917/6020 1914/6021
f 1914/6022 1917/6023 1912/6024
f 1911/6025 1913/6026 1914/6027
f 1911/6028 1914/6029 1912/6030
f 1913/6031 1919/6032 1920/6033
f 1913/6034 1920/6035 1915/6036
f 1913/6037 1915/6038 1914/6039
f 1914/6040 1915/6041 1916/6042
f 1923/6043 1928/6044 1929/6045
f 1921/6046 1928/6047 1923/6048
f 1926/6049 1927/6050 1924/6051
f 1924/6052 1927/6053 1922/6054
f 1921/6055 1923/6056 1924/6057
f 1921/6058 1924/6059 1922/6060
f 1923/6061 1929/6062 1930/6063
f 1923/6064 1930/6065 1925/6066
f 1923/6067 1925/6068 1924/6069
f 1924/6070 1925/6071 1926/6072
f 1933/6073 1938/6074 1939/6075
f 1931/6076 1938/6077 1933/6078
f 1936/6079 1937/6080 1934/6081
f 1934/6082 1937/6083 1932/6084
f 1931/6085 1933/6086 1934/6087
f 1931/6088 1934/6089 1932/6090
f 1933/6091 1939/6092 1940/6093
f 1933/6094 1940/6095 1935/6096
f 1933/6097 1935/6098 1934/6099
f 1934/6100 1935/6101 1936/6102
f 1943/6103 1948/6104 1949/6105
f 1941/6106 1948/6107 1943/6108
f 1946/6109 1947/6110 1944/6111
f 1944/6112 1947/6113 1942/6114
f 1941/6115 1943/6116 1944/6117
f 1941/6118 1944/6119 1942/6120
f 1943/6121 1949/6122 1950/6123
f 1943/6124 1950/6125 1945/6126
f 1943/6127 1945/6128 1944/6129
f 1944/6130 1945/6131 1946/6132
f 1953/6133 1958/6134 1959/6135
f 1951/6136 1958/6137 1953/6138
f 1956/6139 1957/6140 1954/6141
f 1954/6142 1957/6143 1952/6144
f 1951/6145 1953/6146 1954/6147
f 1951/6148 1954/6149 1952/6150
f 1953/6151 1959/6152 1960/6153
f 1953/6154 1960/6155 1955/6156
f 1953/6157 1955/6158 1954/6159
f 1954/6160 1955/6161 1956/6162
f 1963/6163 1968/6164 1969/6165
f 1961/6166 1968/6167 1963/6168
f 1966/6169 1967/6170 1964/6171
f 1964/6172 1967/6173 1962/6174
f 1961/6175 1963/6176 1964/6177
f 1961/6178 1964/6179 1962/6180
f 1963/6181 1969/6182 1970/6183
f 1963/6184 1970/6185 1965/6186
f 1963/6187 1965/6188 1964/6189
f 1964/6190 1965/6191 1966/6192
f 1973/6193 1978/6194 1979/6195
f 1971/6196 1978/6197 1973/6198
f 1976/6199 1977/6200 1974/6201
f 1974/6202 1977/6203 1972/6204
f 1971/6205 1973/6206 1974/6207
f 1971/6208 1974/6209 1972/6210
f 1973/6211 1979/6212 1980/6213
f 1973/6214 1980/6215 1975/6216
f 1973/6217 1975/6218 1974/6219
f 1974/6220 1975/6221 1976/6222
f 1983/6223 1988/6224 1989/6225
f 1981/6226 1988/6227 1983/6228
f 1986/6229 1987/6230 1984/6231
f 1984/6232 1987/6233 1982/6234
f 1981/6235 1983/6236 1984/6237
f 1981/6238 1984/6239 1982/6240
f 1983/6241 1989/6242 1990/6243
f 1983/6244 1990/6245 1985/6246
f 1983/6247 1985/6248 1984/6249
f 1984/6250 1985/6251 1986/6252
f 1993/6253 1998/6254 1999/6255
f 1991/6256 1998/6257 1993/6258
f 1996/6259 1997/6260 1994/6261
f 1994/6262 1997/6263 1992/6264
f 1991/6265 1993/6266 1994/6267
f 1991/6268 1994/6269 1992/6270
f 1993/6271 1999/6272 2000/6273
f 1993/6274 2000/6275 1995/6276
f 1993/6277 1995/6278 1994/6279
f 1994/6280 1995/6281 1996/6282
f 2003/6283 2008/6284 2009/6285
f 2001/6286 2008/6287 2003/6288
f 2006/6289 2007/6290 2004/6291
f 2004/6292 2007/6293 2002/6294
f 2001/6295 2003/6296 2004/6297
f 2001/6298 2004/6299 2002/6300
f 2003/6301 2009/6302 2010/6303
f 2003/6304 2010/6305 2005/6306
f 2003/6307 2005/6308 2004/6309
f 2004/6310 2005/6311 2006/6312
f 2013/6313 2018/6314 2019/6315
f 2011/6316 2018/6317 2013/6318
f 2016/6319 2017/6320 2014/6321
f 2014/6322 2017/6323 2012/6324
f 2011/6325 2013/6326 2014/6327
f 2011/6328 2014/6329 2012/6330
f 2013/6331 2019/6332 2020/6333
f 2013/6334 2020/6335 2015/6336
f 2013/6337 2015/6338 2014/6339
f 2014/6340 2015/6341 2016/6342
f 2023/6343 2028/6344 2029/6345
f 2021/6346 2028/6347 2023/6348
f 2026/6349 2027/6350 2024/6351
f 2024/6352 2027/6353 2022/6354
f 2021/6355 2023/6356 2024/6357
f 2021/6358 2024/6359 2022/6360
f 2023/6361 2029/6362 2030/6363
f 2023/6364 2030/6365 2025/6366
f 2023/6367 2025/6368 2024/6369
f 2024/6370 2025/6371 2026/6372
f 2033/6373 2038/6374 2039/6375
f 2031/6376 2038/6377 2033/6378
f 2036/6379 2037/6380 2034/6381
f 2034/6382 2037/6383 2032/6384
f 2031/6385 2033/6386 2034/6387
f 2031/6388 2034/6389 2032/6390
f 2033/6391 2039/6392 2040/6393
f 2033/6394 2040/6395 2035/6396
f 2033/6397 2035/6398 2034/6399
f 2034/6400 2035/6401 2036/6402
f 2043/6403 2048/6404 2049/6405
f 2041/6406 2048/6407 2043/6408
f 2046/6409 2047/6410 2044/6411
f 2044/6412 2047/6413 2042/6414
f 2041/6415 2043/6416 2044/6417
f 2041/6418 2044/6419 2042/6420
f 2043/6421 2049/6422 2050/6423
f 2043/6424 2050/6425 2045/6426
f 2043/6427 2045/6428 2044/6429
f 2044/6430 2045/6431 2046/6432
f 2053/6433 2058/6434 2059/6435
f 2051/6436 2058/6437 2053/6438
f 2056/6439 2057/6440 2054/6441
f 2054/6442 2057/6443 2052/6444
f 2051/6445 2053/6446 2054/6447
f 2051/6448 2054/6449 2052/6450
f 2053/6451 2059/6452 2060/6453
f 2053/6454 2060/6455 2055/6456
f 2053/6457 2055/6458 2054/6459
f 2054/6460 2055/6461 2056/6462
f 2063/6463 2068/6464 2069/6465
f 2061/6466 2068/6467 2063/6468
f 2066/6469 2067/6470 2064/6471
f 2064/6472 2067/6473 2062/6474
f 2061/6475 2063/6476 2064/6477
f 2061/6478 2064/6479 2062/6480
f 2063/6481 2069/6482 2070/6483
f 2063/6484 2070/6485 2065/6486
f 2063/6487 2065/6488 2064/6489
f 2064/6490 2065/6491 2066/6492
f 2073/6493 2078/6494 2079/6495
f 2071/6496 2078/6497 2073/6498
f 2076/6499 2077/6500 2074/6501
f 2074/6502 2077/6503 2072/6504
f 2071/6505 2073/6506 2074/6507
f 2071/6508 2074/6509 2072/6510
f 2073/6511 2079/6512 2080/6513
f 2073/6514 2080/6515 2075/6516
f 2073/6517 2075/6518 2074/6519
f 2074/6520 2075/6521 2076/6522
f 2083/6523 2088/6524 2089/6525
f 2081/6526 2088/6527 2083/6528
f 2086/6529 2087/6530 2084/6531
f 2084/6532 2087/6533 2082/6534
f 2081/6535 2083/6536 2084/6537
f 2081/6538 2084/6539 2082/6540
f 2083/6541 2089/6542 2090/6543
f 2083/6544 2090/6545 2085/6546
f 2083/6547 2085/6548 2084/6549
f 2084/6550 2085/6551 2086/6552
f 2093/6553 2098/6554 2099/6555
f 2091/6556 2098/6557 2093/6558
f 2096/6559 2097/6560 2094/6561
f 2094/6562 2097/6563 2092/6564
f 2091/6565 2093/6566 2094/6567
f 2091/6568 2094/6569 2092/6570
f 2093/6571 2099/6572 2100/6573
f 2093/6574 2100/6575 2095/6576
f 2093/6577 2095/6578 2094/6579
f 2094/6580 2095/6581 2096/6582
f 2103/6583 2108/6584 2109/6585
f 2101/6586 2108/6587 2103/6588
f 2106/6589 2107/6590 2104/6591
f 2104/6592 2107/6593 2102/6594
f 2101/6595 2103/6596 2104/6597
f 2101/6598 2104/6599 2102/6600
f 2103/6601 2109/6602 2110/6603
f 2103/6604 2110/6605 2105/6606
f 2103/6607 2105/6608 2104/6609
f 2104/6610 2105/6611 2106/6612
f 2113/6613 2118/6614 2119/6615
f 2111/6616 2118/6617 2113/6618
f 2116/6619 2117/6620 2114/6621
f 2114/6622 2117/6623 2112/6624
f 2111/6625 2113/6626 2114/6627
f 2111/6628 2114/6629 2112/6630
f 2113/6631 2119/6632 2120/6633
f 2113/6634 2120/6635 2115/6636
f 2113/6637 2115/6638 2114/6639
f 2114/6640 2115/6641 2116/6642
f 2123/6643 2128/6644 2129/6645
f 2121/6646 2128/6647 2123/6648
f 2126/6649 2127/6650 2124/6651
f 2124/6652 2127/6653 2122/6654
f 2121/6655 2123/6656 2124/6657
f 2121/6658 2124/6659 2122/6660
f 2123/6661 2129/6662 2130/6663
f 2123/6664 2130/6665 2125/6666
f 2123/6667 2125/6668 2124/6669
f 2124/6670 2125/6671 2126/6672
f 2133/6673 2138/6674 2139/6675
f 2131/6676 2138/6677 2133/6678
f 2136/6679 2137/6680 2134/6681
f 2134/6682 2137/6683 2132/6684
f 2131/6685 2133/6686 2134/6687
f 2131/6688 2134/6689 2132/6690
f 2133/6691 2139/6692 2140/6693
f 2133/6694 2140/6695 2135/6696
f 2133/6697 2135/6698 2134/6699
f 2134/6700 2135/6701 2136/6702
f 2143/6703 2148/6704 2149/6705
f 2141/6706 2148/6707 2143/6708
f 2146/6709 2147/6710 2144/6711
f 2144/6712 2147/6713 2142/6714
f 2141/6715 2143/6716 2144/6717
f 2141/6718 2144/6719 2142/6720
f 2143/6721 2149/6722 2150/6723
f 2143/6724 2150/6725 2145/6726
f 2143/6727 2145/6728 2144/6729
f 2144/6730 2145/6731 2146/6732
f 2153/6733 2158/6734 2159/6735
f 2151/6736 2158/6737 2153/6738
f 2156/6739 2157/6740 2154/6741
f 2154/6742 2157/6743 2152/6744
f 2151/6745 2153/6746 2154/6747
f 2151/6748 2154/6749 2152/6750
f 2153/6751 2159/6752 2160/6753
f 2153/6754 2160/6755 2155/6756
f 2153/6757 2155/6758 2154/6759
f 2154/6760 2155/6761 2156/6762
